date,flw
2025-01-01,8143.457751927693
2025-01-02,2978.9374991010814
2025-01-03,8714.722582485616
2025-01-04,755.6698962752129
2025-01-05,458.5333466443886
2025-01-06,454.65074885416016
2025-01-07,521.9797402053292
2025-01-08,668.7125375005983
2025-01-09,836.3514094320911
2025-01-10,873.6141453243799
2025-01-11,802.5031618453102
2025-01-12,481.70676232168125
2025-01-13,464.08090147436087
2025-01-14,464.1757112518516
2025-01-15,468.6307198315432
2025-01-16,473.1218402950084
2025-01-17,465.326438887048
2025-01-18,450.6407889986924
2025-01-19,462.29049295716175
2025-01-20,458.2317538254508
2025-01-21,491.974288526871
2025-01-22,543.7108500542546
2025-01-23,529.0898764851096
2025-01-24,541.0134477152233
2025-01-25,529.7889336577344
2025-01-26,515.5063880080826
2025-01-27,698.8039561021326
2025-01-28,3998.180899525133
2025-01-29,1089.024857633036
2025-01-30,574.458373267498
2025-01-31,580.4244908644177
2025-02-01,636.4582024995753
2025-02-02,665.71288316096
2025-02-03,840.8921693860686
2025-02-04,6450.26432357348
2025-02-05,1677.9212880886885
2025-02-06,1220.9995614417362
2025-02-07,1266.5156132920824
2025-02-08,3415.59282312461
2025-02-09,1434.9276338991297
2025-02-10,1584.640403579222
2025-02-11,1537.929148122221
2025-02-12,1537.5628037822269
2025-02-13,1620.1126606933108
2025-02-14,1625.4933325382997
2025-02-15,1642.6658184963594
2025-02-16,1899.97982566919
2025-02-17,1451.6369061336643
2025-02-18,1407.1209548789918
2025-02-19,1338.8376436675326
2025-02-20,1278.6545125638972
2025-02-21,1180.8900193312422
2025-02-22,1098.46987592735
2025-02-23,1063.975285429494
2025-02-24,1121.9272303846517
2025-02-25,1124.239535176321
2025-02-26,1124.9569166439435
2025-02-27,1025.9970229710789
2025-02-28,1013.0779324201834
2025-03-01,1877.252756705748
2025-03-02,1035.234566364404
2025-03-03,1000.8689600900992
2025-03-04,1036.0991097554622
2025-03-05,1095.5437996627456
2025-03-06,1152.9929684057065
2025-03-07,1168.632708015193
2025-03-08,1102.897250895027
2025-03-09,1077.299023358463
2025-03-10,1015.0097589021364
2025-03-11,952.1088583392489
2025-03-12,886.9093956709174
2025-03-13,808.714732186839
2025-03-14,745.5458709926065
2025-03-15,707.2491663848809
2025-03-16,669.8922166066789
2025-03-17,640.680535723991
2025-03-18,605.2417369018295
2025-03-19,582.4127299579591
2025-03-20,578.0576491975046
2025-03-21,569.6681791301673
2025-03-22,555.0644606926849
2025-03-23,536.1195236018077
2025-03-24,533.4393318928571
2025-03-25,536.8076292495315
2025-03-26,514.1560250365936
2025-03-27,495.7411644992067
2025-03-28,491.099102931442
2025-03-29,465.13029983889055
2025-03-30,1690.4982330675798
2025-03-31,1171.7751596339226
2025-04-01,1058.8650773338122
2025-04-02,931.1281424239936
2025-04-03,792.1097981883602
2025-04-04,614.3569861002319
2025-04-05,696.3817846794648
2025-04-06,572.7990336180966
2025-04-07,1997.969646527246
2025-04-08,484.3842426407166
2025-04-09,509.0818231281569
2025-04-10,532.6713431024596
2025-04-11,543.1703593657096
2025-04-12,552.0054929201617
2025-04-13,559.7179943301678
2025-04-14,1695.3141565661035
2025-04-15,736.7888679969699
2025-04-16,556.404098187527
2025-04-17,547.5655391474761
2025-04-18,540.2841173675129
2025-04-19,536.1480059385952
2025-04-20,541.5914816401518
2025-04-21,528.5527296771403
2025-04-22,451.5223139183991
2025-04-23,442.4418095907465
2025-04-24,435.0090242852233
2025-04-25,425.2678527639529
2025-04-26,405.9302129062016
2025-04-27,388.1669522446698
2025-04-28,372.8551020898848
2025-04-29,358.88828833000525
2025-04-30,347.4542221427896
2025-05-01,337.7505822707864
2025-05-02,329.46502154858734
2025-05-03,322.4272158720299
2025-05-04,316.48597658620565
2025-05-05,311.07505005280814
2025-05-06,306.513606788743
2025-05-07,302.5065192659157
2025-05-08,298.9674802667828
2025-05-09,295.8686959886844
2025-05-10,293.04920361360155
2025-05-11,290.34511825165407
2025-05-12,287.61876584666345
2025-05-13,284.6259150214321
2025-05-14,281.6630214772152
2025-05-15,278.77826223839094
2025-05-16,275.9258765540594
2025-05-17,273.0943706821721
2025-05-18,270.2674777701963
2025-05-19,267.4075880567676
2025-05-20,264.5584118395107
2025-05-21,261.66005211389074
2025-05-22,258.7358431424062
2025-05-23,255.7627809566836
2025-05-24,252.8390674993248
2025-05-25,249.86077293160247
2025-05-26,246.86316313110808
2025-05-27,243.8557612049444
2025-05-28,240.99770863485708
2025-05-29,238.13431199905665
2025-05-30,235.221867055839
2025-05-31,232.2459634772228
2025-06-01,302.71853187192977
2025-06-02,227.37813019860528
2025-06-03,224.76828591270345
2025-06-04,222.05998821579624
2025-06-05,219.35891928284704
2025-06-06,216.5397654438307
2025-06-07,213.7005503252144
2025-06-08,210.92685151696344
2025-06-09,208.3115334157584
2025-06-10,205.864653753853
2025-06-11,203.5576201526465
2025-06-12,201.2994830866384
2025-06-13,199.03986309846687
2025-06-14,196.7862029684817
2025-06-15,194.60111685275712
2025-06-16,192.3178662694963
2025-06-17,189.96500732103047
2025-06-18,187.701320431998
2025-06-19,185.4979345418091
2025-06-20,183.34018401284183
2025-06-21,181.20503347108595
2025-06-22,179.0772526062915
2025-06-23,177.059236915659
2025-06-24,175.11504774920232
2025-06-25,173.29577440661058
2025-06-26,171.53801732577122
2025-06-27,169.80571564877525
2025-06-28,168.12773072762695
2025-06-29,166.3783218896163
2025-06-30,164.60190694397804
2025-07-01,162.88318988173316
2025-07-02,161.27739746024756
2025-07-03,159.76053956900984
2025-07-04,158.29960815391945
2025-07-05,156.83667131397
2025-07-06,155.39833446801558
2025-07-07,154.11106396048385
2025-07-08,152.8973114701516
2025-07-09,151.666752374587
2025-07-10,150.41782900043515
2025-07-11,149.1986352637271
2025-07-12,148.0586971492668
2025-07-13,146.96506634262136
2025-07-14,145.8981474822327
2025-07-15,144.91461686438984
2025-07-16,144.01466075861848
2025-07-17,143.0817936607952
2025-07-18,142.09892399848405
2025-07-19,141.21694171253273
2025-07-20,140.37185075351795
2025-07-21,139.5177512370844
2025-07-22,138.69576171967176
2025-07-23,137.9641749864938
2025-07-24,137.29037951014544
2025-07-25,136.64434394397043
2025-07-26,136.03224695222536
2025-07-27,135.42990097690193
2025-07-28,134.82690567044187
2025-07-29,134.22489050656418
2025-07-30,133.64617481234794
2025-07-31,133.0936281806851
2025-08-01,132.56330313717643
2025-08-02,132.0637737151907
2025-08-03,131.60211580347783
2025-08-04,131.1584830478024
2025-08-05,130.725410499412
2025-08-06,130.29585771384376
2025-08-07,129.873693480756
2025-08-08,129.4585893900118
2025-08-09,129.05044950522614
2025-08-10,128.65013067809838
2025-08-11,128.2513391693796
2025-08-12,127.85428406331394
2025-08-13,127.46080547790484
2025-08-14,127.07540175603783
2025-08-15,126.69181201945506
2025-08-16,126.30809192087216
2025-08-17,125.93139136820724
2025-08-18,125.55562148779892
2025-08-19,125.18070694019772
2025-08-20,124.81167515332226
2025-08-21,124.4457274086462
2025-08-22,143.99668298883972
2025-08-23,123.71802875407198
2025-08-24,124.517750520462
2025-08-25,123.00048797091368
2025-08-26,122.63805776844136
2025-08-27,122.27666290049508
2025-08-28,121.9179634069516
2025-08-29,121.56155135849473
2025-08-30,121.20870731585016
2025-08-31,120.85950672763192
2025-09-01,120.513162706108
2025-09-02,120.1710889489804
2025-09-03,119.83187189978594
2025-09-04,119.49623211014917
2025-09-05,119.16432109053714
2025-09-06,118.83382463455985
2025-09-07,118.50459101774584
2025-09-08,118.17831791935888
2025-09-09,117.85431261697312
2025-09-10,117.53150336944708
2025-09-11,117.2097102354888
2025-09-12,116.88844020820652
2025-09-13,116.56830020207065
2025-09-14,116.25127234220427
2025-09-15,115.93647429172206
2025-09-16,115.62255942798144
2025-09-17,115.30973624363423
2025-09-18,114.99866913549349
2025-09-19,114.68924428106706
2025-09-20,114.38144242273728
2025-09-21,114.07485569132398
2025-09-22,113.7693132781612
2025-09-23,113.46498613317928
2025-09-24,113.16184568068346
2025-09-25,112.86116296180624
2025-09-26,112.56259633488624
2025-09-27,112.2656144832118
2025-09-28,111.96984756480934
2025-09-29,111.67531467998396
2025-09-30,111.38193038008328
2025-10-01,111.08981797120244
2025-10-02,110.7988732071849
2025-10-03,110.50912448205226
2025-10-04,110.22044842907354
2025-10-05,109.93280711823012
2025-10-06,109.64628584469293
2025-10-07,109.36074241603777
2025-10-08,109.0762905459674
2025-10-09,108.79307253196836
2025-10-10,108.510974644264
2025-10-11,108.22994930771311
2025-10-12,107.95000612700684
2025-10-13,107.67106912469544
2025-10-14,107.393195214278
2025-10-15,107.11639398423354
2025-10-16,106.84060831532872
2025-10-17,106.56580035815053
2025-10-18,106.29202702208995
2025-10-19,106.0192219344393
2025-10-20,105.74745141139267
2025-10-21,105.47669651817954
2025-10-22,105.2070046805088
2025-10-23,104.93817664323936
2025-10-24,104.67040223455552
2025-10-25,104.40356745821484
2025-10-26,104.13779579400926
2025-10-27,103.87303973144242
2025-10-28,103.60919486278752
2025-10-29,103.346375059074
2025-10-30,103.08452342318137
2025-10-31,380.7030111574664
2025-11-01,647.6897616343299
2025-11-02,112.71133789507104
2025-11-03,102.04710142918437
2025-11-04,705.8660254227403
2025-11-05,101.53699719301196
2025-11-06,101.28643698339852
2025-11-07,839.6409143308701
2025-11-08,1709.751043051869
2025-11-09,156.58304170968114
2025-11-10,859.4886564263365
2025-11-11,340.3025083668958
2025-11-12,315.35969826746833
2025-11-13,186.33528309871025
2025-11-14,7185.049569934914
2025-11-15,5504.291580575969
2025-11-16,3547.025046302771
2025-11-17,251.58701241676312
2025-11-18,220.86670884692643
2025-11-19,4373.370835592897
2025-11-20,7073.799044383841
2025-11-21,6188.326194317116
2025-11-22,497.609379634612
2025-11-23,493.3227654403262
2025-11-24,628.3294814631495
2025-11-25,479.6282912881701
2025-11-26,331.19050471190724
2025-11-27,1197.3681349541612
2025-11-28,408.7841949395888
2025-11-29,405.0439133192648
2025-11-30,386.19293218305216
2025-12-01,437.3654579508752
2025-12-02,504.5358842310665
2025-12-03,356.444364613715
2025-12-04,412.3184127757319
2025-12-05,638.5399126008417
2025-12-06,868.7399720680486
2025-12-07,573.5676060455125
2025-12-08,562.2466087203171
2025-12-09,472.52296029867625
2025-12-10,1690.0091272552131
2025-12-11,2416.3047984842738
2025-12-12,407.8399301043596
2025-12-13,3146.8075996128823
2025-12-14,4579.539798631362
2025-12-15,538.0827592434691
2025-12-16,496.01335678939
2025-12-17,516.3579235456639
2025-12-18,524.1225296293179
2025-12-19,907.0245457116785
2025-12-20,932.9004116457554
2025-12-21,564.5677894629592
2025-12-22,560.4694413378074
2025-12-23,946.0777668728016
2025-12-24,526.0674106200403
2025-12-25,527.7719485547027
2025-12-26,523.490957483725
2025-12-27,976.1603473969668
2025-12-28,604.5014446850878
2025-12-29,639.4509892576252
2025-12-30,735.5241142596569
2025-12-31,714.0061555226251
2026-01-01,644.7348725902976
2026-01-02,564.0161366089319
2026-01-03,550.7015201546346
2026-01-04,558.7143241021508
2026-01-05,545.1393341272552
2026-01-06,534.8503700455512
2026-01-07,520.0086377838462
2026-01-08,512.7409182546619
2026-01-09,502.69109017023226
2026-01-10,486.9660366104093
2026-01-11,478.2787744066948
2026-01-12,475.78468052735394
2026-01-13,475.6546767379497
2026-01-14,467.765157421986
2026-01-15,451.1938618157554
2026-01-16,441.1299107686151
2026-01-17,429.7973044649046
2026-01-18,410.3698628340324
2026-01-19,408.8629959293088
2026-01-20,631.9513898992006
2026-01-21,2181.372800555372
2026-01-22,12636.33859758564
2026-01-23,22251.669575121006
2026-01-24,20162.383220927804
2026-01-25,6942.013356469466
2026-01-26,4762.740564951855
2026-01-27,5036.714281447283
2026-01-28,4278.042048311131
2026-01-29,4197.43701504647
2026-01-30,4004.977936972706
2026-01-31,3673.297088647336
2026-02-01,3297.720549872562
2026-02-02,2899.9596804671864
2026-02-03,2537.76224633459
2026-02-04,2231.354303820992
2026-02-05,4562.442221356998
2026-02-06,4703.989045857436
2026-02-07,2559.8092804768708
2026-02-08,2696.4317409427827
2026-02-09,2528.268855542596
2026-02-10,2538.709215450677
2026-02-11,2198.3760385875776
2026-02-12,2030.280300133591
2026-02-13,1874.4195580044784
2026-02-14,1728.2740177023932
2026-02-15,1587.8456289399694
2026-02-16,1465.9212396528076
2026-02-17,1357.2097375824835
2026-02-18,1432.2257897305735
2026-02-19,1260.606777564768
2026-02-20,1127.2743426166169
2026-02-21,1604.8436220078315
2026-02-22,1027.7689589062877
2026-02-23,985.2231117632704
2026-02-24,942.6632873832058
2026-02-25,3782.751576555352
2026-02-26,1037.0479122586414
2026-02-27,1148.50650770018
2026-02-28,1653.6404130332498
2026-03-01,2132.6853082386056
2026-03-02,1361.6479580853106
2026-03-03,1378.5622321924536
2026-03-04,1328.9295313155903
2026-03-05,4710.244626779484
2026-03-06,1691.3330311093132
2026-03-07,2844.520558554936
2026-03-08,3485.3553873255723
2026-03-09,2528.969558633891
2026-03-10,2572.8103103330627
2026-03-11,3016.907483854116
2026-03-12,6229.4050670510815
2026-03-13,5161.778963122617
2026-03-14,3894.51718963126
2026-03-15,4052.511172409069
2026-03-16,3863.5254504760255
2026-03-17,3556.1313074726454
2026-03-18,3211.4397067044274
2026-03-19,2859.811973670608
2026-03-20,2763.771343534454
2026-03-21,5221.902164997209
2026-03-22,2673.136770959496
2026-03-23,2781.9061871788067
2026-03-24,2587.960788751708
2026-03-25,2374.480194234008
2026-03-26,2191.1740968793
2026-03-27,2006.927482141862
2026-03-28,1829.4896230809493
2026-03-29,1658.7309960690443
2026-03-30,1504.509747791253
2026-03-31,1371.9816461536782
2026-04-01,1247.0727673199451
2026-04-02,1091.0613083969138
2026-04-03,958.7120451735776
2026-04-04,863.4279475021441
2026-04-05,2079.437574392205
2026-04-06,1180.27461616399
2026-04-07,778.1693429176102
2026-04-08,705.1777013666278
2026-04-09,656.915310546434
2026-04-10,610.7358041251009
2026-04-11,567.1930332725584
2026-04-12,777.2328830081816
2026-04-13,525.589348601482
2026-04-14,503.1619207997919
2026-04-15,479.9252757860536
2026-04-16,644.2744284642469
2026-04-17,635.5231856268463
2026-04-18,928.5191184635246
2026-04-19,748.085909026199
2026-04-20,470.2822384322343
2026-04-21,479.5504600772792
2026-04-22,468.3404367468239
2026-04-23,457.099202308366
2026-04-24,832.7531649987956
2026-04-25,500.16543012340026
2026-04-26,666.6360311356759
2026-04-27,522.9189342557307
2026-04-28,758.2717154664188
2026-04-29,496.9188054071539
2026-04-30,477.0890489121997
2026-05-01,462.400743669926
2026-05-02,444.7806448423571
2026-05-03,429.8539889679436
2026-05-04,418.0373518298935
2026-05-05,404.3835703994061
2026-05-06,392.3864619454116
2026-05-07,382.7687533085983
2026-05-08,374.5693267794173
2026-05-09,367.5794237105056
2026-05-10,361.6396551406555
2026-05-11,356.94918600129614
2026-05-12,353.2900062365576
2026-05-13,350.2084305259721
2026-05-14,347.2766361127032
2026-05-15,344.2701159657837
2026-05-16,341.27631148437047
2026-05-17,338.3028449587294
2026-05-18,335.12491164121514
2026-05-19,331.9562937544828
2026-05-20,328.8435664745258
2026-05-21,325.7863609108979
2026-05-22,322.81248258475057
2026-05-23,320.0091076266518
2026-05-24,317.28280561583483
2026-05-25,314.6553968721781
2026-05-26,311.5862939410805
2026-05-27,308.4207990231491
2026-05-28,305.60469163764384
2026-05-29,304.5773483151403
2026-05-30,301.6510568674555
2026-05-31,299.28532956802485
2026-06-01,296.94243989926747
2026-06-02,294.0498437048844
2026-06-03,291.0920518532769
2026-06-04,288.3453082181003
2026-06-05,286.0525165059392
2026-06-06,286.54589075190955
2026-06-07,281.8247313675728
2026-06-08,279.1627162692611
2026-06-09,276.7257929153316
2026-06-10,273.69602660567176
2026-06-11,270.4282932358731
2026-06-12,267.0243145574638
2026-06-13,263.6608291528018
2026-06-14,260.3127771077989
2026-06-15,256.79454711735536
2026-06-16,253.28494922895624
2026-06-17,249.82405172630848
2026-06-18,246.4437232066742
2026-06-19,243.13985857501268
2026-06-20,239.8558237768971
2026-06-21,236.6036127658789
2026-06-22,233.33747830693284
2026-06-23,230.0991005849073
2026-06-24,226.9138800123756
2026-06-25,225.60853634397893
2026-06-26,221.323363062634
2026-06-27,218.40721991462783
2026-06-28,215.5196213395089
2026-06-29,212.6460454177982
2026-06-30,209.8115288689184
2026-07-01,207.04434621620703
2026-07-02,204.3456280735656
2026-07-03,201.70077720340623
2026-07-04,199.12980272131404
2026-07-05,196.7478648952277
2026-07-06,194.45470735088705
2026-07-07,192.2335202965312
2026-07-08,190.0888136651056
2026-07-09,187.8536252984017
2026-07-10,185.52391634451604
2026-07-11,183.24587957471664
2026-07-12,181.04208862425327
2026-07-13,178.87317090448158
2026-07-14,176.7405515315351
2026-07-15,174.7386575308374
2026-07-16,172.850768112942
2026-07-17,171.0034738769236
2026-07-18,169.18975319792855
2026-07-19,167.42359275324577
2026-07-20,165.70027661195655
2026-07-21,164.03056491375443
2026-07-22,162.39543994544093
2026-07-23,160.7430390621662
2026-07-24,159.0666276125588
2026-07-25,157.52637627402967
2026-07-26,156.18627675025957
2026-07-27,154.95477313733818
2026-07-28,153.74455699563242
2026-07-29,152.56594399720043
2026-07-30,151.46593445303492
2026-07-31,150.40148212128818
2026-08-01,149.31912167541094
2026-08-02,148.29360569840705
2026-08-03,147.31243611149057
2026-08-04,146.3491318057277
2026-08-05,145.41521152861387
2026-08-06,144.52029687559406
2026-08-07,143.72438750290726
2026-08-08,143.01767788796673
2026-08-09,142.34728116287408
2026-08-10,141.6959145535485
2026-08-11,141.05942361255887
2026-08-12,140.44170537737284
2026-08-13,139.83042619859603
2026-08-14,139.2133495583076
2026-08-15,138.6276253017432
2026-08-16,138.07417476730905
2026-08-17,137.52968120863397
2026-08-18,137.0001101790176
2026-08-19,136.49057388504687
2026-08-20,135.99657554541554
2026-08-21,135.51596603443085
2026-08-22,135.04235915976744
2026-08-23,134.57577189177206
2026-08-24,134.1126010120896
2026-08-25,133.65682316342938
2026-08-26,133.20670190582337
2026-08-27,132.7642785745395
2026-08-28,132.3265548930502
2026-08-29,131.88973278656303
2026-08-30,131.45395564301245
2026-08-31,131.02830633098557
2026-09-01,130.6096897687462
2026-09-02,130.19490700406527
2026-09-03,129.77733174518366
2026-09-04,129.3699231635322
2026-09-05,128.97579452061282
2026-09-06,128.58370585469453
2026-09-07,128.19162686833897
2026-09-08,127.79934950453452
2026-09-09,127.40768883140034
2026-09-10,127.0188669841958
2026-09-11,126.62956437544842
2026-09-12,126.24661979007536
2026-09-13,125.8651462616005
2026-09-14,125.48721261057226
2026-09-15,125.10804607696656
2026-09-16,124.72476127506616
2026-09-17,124.34479852412896
2026-09-18,123.96826353458393
2026-09-19,123.59316276507168
2026-09-20,123.22008320324254
2026-09-21,122.852195415122
2026-09-22,122.48912009101814
2026-09-23,122.12860852569162
2026-09-24,121.77035615616164
2026-09-25,121.41620385118236
2026-09-26,121.06486179644934
2026-09-27,120.71513399653884
2026-09-28,120.36692491400896
2026-09-29,120.02065194549608
2026-09-30,119.67745411697324
2026-10-01,119.33633503493058
2026-10-02,118.9969914277222
2026-10-03,118.6596135995137
2026-10-04,118.32478990904949
2026-10-05,117.99222591060408
2026-10-06,117.66288915990552
2026-10-07,117.33525185026146
2026-10-08,117.00857361974748
2026-10-09,116.6832339312178
2026-10-10,116.35884366481744
2026-10-11,116.0356214182141
2026-10-12,115.71448755508771
2026-10-13,115.39489143679975
2026-10-14,115.07691854042872
2026-10-15,114.76134727504454
2026-10-16,114.44791198444582
2026-10-17,114.1362423584902
2026-10-18,113.8257879926234
2026-10-19,113.51667228578027
2026-10-20,113.20893322070422
2026-10-21,112.90235240139924
2026-10-22,112.59720516546196
2026-10-23,112.29389918417884
2026-10-24,111.9923301829758
2026-10-25,744.5441014480298
2026-10-26,570.9169998559362
2026-10-27,111.10113020484702
2026-10-28,288.9442318022765
2026-10-29,110.5159302567284
2026-10-30,110.22532305524872
2026-10-31,109.93562718453796
2026-11-01,109.64688075646868
2026-11-02,109.35936832977812
2026-11-03,109.07315656375992
2026-11-04,1446.6208218392976
2026-11-05,479.51270508674406
2026-11-06,301.47197169478727
2026-11-07,108.3554431096644
2026-11-08,108.33575677252657
2026-11-09,108.30776373833636
2026-11-10,108.26299819073962
2026-11-11,108.19927025663516
2026-11-12,642.1150190439329
2026-11-13,1378.0106968774728
2026-11-14,109.3041100642548
2026-11-15,2847.236517245893
2026-11-16,117.43730861413717
2026-11-17,122.16708402802062
2026-11-18,124.79706985404488
2026-11-19,126.5299255667063
2026-11-20,127.73278898180055
2026-11-21,128.5856389248224
2026-11-22,129.18776039537354
2026-11-23,129.61275585973883
2026-11-24,129.91644107287624
2026-11-25,1394.0716338233974
2026-11-26,137.52170267707257
2026-11-27,1650.9449176671949
2026-11-28,2596.2654226968043
2026-11-29,1029.236188055637
2026-11-30,501.2841189002562
2026-12-01,223.3889080221436
2026-12-02,194.7821751929009
2026-12-03,191.5265136095824
2026-12-04,191.7643737951237
2026-12-05,189.4553570000025
2026-12-06,182.7983174001756
2026-12-07,186.29693442136863
2026-12-08,667.7914049494059
2026-12-09,212.6172637501513
2026-12-10,184.432136893588
2026-12-11,201.9773260550556
2026-12-12,1637.076088000787
2026-12-13,212.62832358568647
2026-12-14,1470.6833623169357
2026-12-15,1208.730464246392
2026-12-16,9494.141057461611
2026-12-17,4170.876116821882
2026-12-18,1690.7831809919169
2026-12-19,4407.689923912201
2026-12-20,307.68563003140656
2026-12-21,311.57419371394474
2026-12-22,312.8751767031995
2026-12-23,307.89624797831755
2026-12-24,303.2851190084864
2026-12-25,303.8407719244765
2026-12-26,302.2661237343156
2026-12-27,300.17862185196725
2026-12-28,2062.5980330320103
2026-12-29,3364.11878517224
2026-12-30,1081.2061894541655
2026-12-31,5023.014356795496
2027-01-01,11146.990697844763
2027-01-02,6070.935518739271
2027-01-03,1240.2936839571626
2027-01-04,936.4055617521084
2027-01-05,958.4384421254988
2027-01-06,960.7703057507696
2027-01-07,1453.3066264620795
2027-01-08,986.7398313516696
2027-01-09,974.0696084826492
2027-01-10,962.7630943638304
2027-01-11,1035.3847821757654
2027-01-12,951.697519387206
2027-01-13,1856.3990017921983
2027-01-14,4426.449553047767
2027-01-15,1224.4283269861578
2027-01-16,4111.503497274739
2027-01-17,1472.791668461063
2027-01-18,1590.9208638403304
2027-01-19,1615.229732412609
2027-01-20,1610.7765996665853
2027-01-21,1547.538625024007
2027-01-22,1500.4125454121577
2027-01-23,2414.7180075424044
2027-01-24,1371.196149920365
2027-01-25,1386.5672209912125
2027-01-26,1351.9088294064918
2027-01-27,1356.1824758931657
2027-01-28,1510.1338904494285
2027-01-29,1567.342899657368
2027-01-30,1561.163032801534
2027-01-31,1635.8861078370917
2027-02-01,1756.7263661386346
2027-02-02,1799.275490898371
2027-02-03,1820.3425840553905
2027-02-04,2009.233072511448
2027-02-05,1631.6468313101473
2027-02-06,1624.9726985317477
2027-02-07,3538.932044339313
2027-02-08,1845.018581436108
2027-02-09,1578.4988958323772
2027-02-10,1630.468355272189
2027-02-11,1730.126083563261
2027-02-12,4477.274291886244
2027-02-13,5683.890662210516
2027-02-14,17657.478390721655
2027-02-15,16790.13299967362
2027-02-16,10495.664563578232
2027-02-17,5759.990271870486
2027-02-18,8209.887940500303
2027-02-19,6243.18399562975
2027-02-20,6251.362318029954
2027-02-21,7034.529799534104
2027-02-22,5718.95717545196
2027-02-23,7318.1705823251805
2027-02-24,5469.089775873536
2027-02-25,6369.262966142671
2027-02-26,5100.7447413521895
2027-02-27,7695.124120956277
2027-02-28,4949.21700194697
2027-03-01,5931.502531823704
2027-03-02,4833.92737648818
2027-03-03,4698.695746701675
2027-03-04,4406.611028711245
2027-03-05,4215.401123577238
2027-03-06,4043.727975780355
2027-03-07,3861.532128695592
2027-03-08,3697.830482592103
2027-03-09,3556.954290972789
2027-03-10,3449.9340778999867
2027-03-11,3300.092644190212
2027-03-12,3204.922856313523
2027-03-13,3068.146726004597
2027-03-14,2931.8631510849427
2027-03-15,2801.863211281241
2027-03-16,3620.8438665206986
2027-03-17,2942.8800815661134
2027-03-18,2309.401987135548
2027-03-19,2300.572533986469
2027-03-20,2226.5972768838387
2027-03-21,2112.313010254904
2027-03-22,2051.9701011166203
2027-03-23,1838.103750538156
2027-03-24,1740.7687858535824
2027-03-25,1779.43357044596
2027-03-26,1511.757798665384
2027-03-27,1407.3360683251512
2027-03-28,1304.9824232514147
2027-03-29,1225.281702100482
2027-03-30,1134.8393659529754
2027-03-31,3362.2064958719498
2027-04-01,2309.181004167466
2027-04-02,1285.9038034374075
2027-04-03,1276.5206445141134
2027-04-04,1233.1455748722688
2027-04-05,1253.4935557123524
2027-04-06,1157.8742755038254
2027-04-07,1368.7891468325677
2027-04-08,1008.226642139868
2027-04-09,957.0965963917004
2027-04-10,897.460877712938
2027-04-11,817.9033148638022
2027-04-12,803.7009570749568
2027-04-13,775.4935948241626
2027-04-14,750.2528314673522
2027-04-15,728.6419790756006
2027-04-16,703.8023176794293
2027-04-17,815.0222123021971
2027-04-18,1834.506524824152
2027-04-19,613.7467104814554
2027-04-20,606.5979911306624
2027-04-21,600.3932372363574
2027-04-22,608.5097573585967
2027-04-23,608.0138276595052
2027-04-24,593.2844868317134
2027-04-25,843.2163650259805
2027-04-26,644.1083728267334
2027-04-27,593.5685410804286
2027-04-28,2625.153248262437
2027-04-29,770.1118258608624
2027-04-30,616.7748318654667
2027-05-01,620.0805561977844
2027-05-02,606.4669842244914
2027-05-03,699.7377599575823
2027-05-04,3432.3826426683027
2027-05-05,3345.8407305012943
2027-05-06,1107.945868033392
2027-05-07,1200.9068919713284
2027-05-08,1185.9661008163655
2027-05-09,1083.3837017349229
2027-05-10,986.9941756325176
2027-05-11,901.9442649614026
2027-05-12,817.2354006279603
2027-05-13,735.415107219781
2027-05-14,652.7559273655714
2027-05-15,580.6944071799346
2027-05-16,523.4192763696057
2027-05-17,478.7293645355711
2027-05-18,445.6618588767506
2027-05-19,422.9064034759651
2027-05-20,406.49324098704216
2027-05-21,392.4380037776174
2027-05-22,1890.3198495851373
2027-05-23,586.5130417236504
2027-05-24,399.916739890303
2027-05-25,386.1373208040121
2027-05-26,380.0492441611476
2027-05-27,373.1516988486694
2027-05-28,366.65794077938665
2027-05-29,361.2234931539133
2027-05-30,356.36610433214264
2027-05-31,351.9284315067743
2027-06-01,348.08029634634966
2027-06-02,344.5542276828497
2027-06-03,341.47214931675154
2027-06-04,338.49746074462786
2027-06-05,335.5715662471094
2027-06-06,332.64043202557144
2027-06-07,329.6892797919532
2027-06-08,326.6902077888599
2027-06-09,323.7361109860229
2027-06-10,320.9980727888865
2027-06-11,318.2144014434817
2027-06-12,315.3708247250972
2027-06-13,312.50164442250303
2027-06-14,309.59668203759145
2027-06-15,378.15845481002975
2027-06-16,305.6651830539432
2027-06-17,303.0880175569353
2027-06-18,300.03372463191124
2027-06-19,296.73530728726166
2027-06-20,293.47580553743563
2027-06-21,290.2973771867865
2027-06-22,287.1004681460785
2027-06-23,283.8348359909573
2027-06-24,280.5356654319286
2027-06-25,277.16649516997
2027-06-26,273.85140495773487
2027-06-27,270.6905667650464
2027-06-28,267.44780732398567
2027-06-29,264.26571406340247
2027-06-30,261.16781890873057
2027-07-01,258.01051470054546
2027-07-02,254.7520558768261
2027-07-03,251.62376105959143
2027-07-04,248.4926255768214
2027-07-05,245.50119178514296
2027-07-06,242.4762303476656
2027-07-07,239.4959553182053
2027-07-08,236.46275298834703
2027-07-09,233.49348255531643
2027-07-10,230.53892970915985
2027-07-11,227.64632794677524
2027-07-12,224.76033363574044
2027-07-13,221.9263292647921
2027-07-14,219.140495700499
2027-07-15,216.3794535196727
2027-07-16,213.64630593099247
2027-07-17,210.97275790444783
2027-07-18,208.2915432652666
2027-07-19,205.5536795175691
2027-07-20,202.84753071896904
2027-07-21,200.21016531306867
2027-07-22,197.7591930569669
2027-07-23,195.43274343284327
2027-07-24,193.20549308421047
2027-07-25,191.0306888690129
2027-07-26,188.81871225703128
2027-07-27,186.7862062920219
2027-07-28,184.8020479997059
2027-07-29,182.8237351343712
2027-07-30,180.9405459249224
2027-07-31,179.08398349297997
2027-08-01,177.2202852226376
2027-08-02,175.46091132819114
2027-08-03,173.73896947697557
2027-08-04,171.95352339124267
2027-08-05,170.08242614368254
2027-08-06,168.2559119315971
2027-08-07,166.48680770224786
2027-08-08,164.79284699754746
2027-08-09,163.14277079169048
2027-08-10,161.53432202821193
2027-08-11,159.9991089630864
2027-08-12,158.5264543178277
2027-08-13,157.0493869454774
2027-08-14,155.62550757576463
2027-08-15,154.3214751792452
2027-08-16,153.10288571576996
2027-08-17,151.9582362733304
2027-08-18,150.8136931411193
2027-08-19,149.62564928451386
2027-08-20,148.53636180729907
2027-08-21,147.57988850155837
2027-08-22,146.65388824284292
2027-08-23,145.75545591796387
2027-08-24,144.86346777157146
2027-08-25,143.9834693102795
2027-08-26,143.16654764067036
2027-08-27,142.42692390406424
2027-08-28,141.75102124226927
2027-08-29,141.0761898669503
2027-08-30,140.37433277207893
2027-08-31,139.69434332558768
2027-09-01,139.04697975815463
2027-09-02,138.48903482605476
2027-09-03,137.94739472457252
2027-09-04,137.41186784646186
2027-09-05,136.88266924302172
2027-09-06,136.39998685309422
2027-09-07,135.872839143758
2027-09-08,135.38583088626564
2027-09-09,134.91104286714608
2027-09-10,134.41994283955793
2027-09-11,133.94842212506896
2027-09-12,133.49887274290924
2027-09-13,133.05223030161022
2027-09-14,132.60948656504652
2027-09-15,132.17547851978503
2027-09-16,131.74373893839493
2027-09-17,131.32159591238437
2027-09-18,130.9115065668058
2027-09-19,130.5059726322148
2027-09-20,130.10260308183817
2027-09-21,129.7039868542955
2027-09-22,131.9180344274212
2027-09-23,129.14435147620492
2027-09-24,128.53262694023095
2027-09-25,128.1387595292111
2027-09-26,127.7500938632182
2027-09-27,127.36375365208146
2027-09-28,126.97691054416256
2027-09-29,126.58673494259438
2027-09-30,126.19642547999447
2027-10-01,125.81027286140002
2027-10-02,125.42917986778129
2027-10-03,125.05104794099144
2027-10-04,124.67695065801276
2027-10-05,124.30646041247458
2027-10-06,123.93688150170873
2027-10-07,123.57210597064515
2027-10-08,123.21371877365569
2027-10-09,122.85872970184629
2027-10-10,122.50509815109412
2027-10-11,122.1528530359724
2027-10-12,138.9967488009827
2027-10-13,121.44862816237946
2027-10-14,121.0996965635451
2027-10-15,120.75391672752028
2027-10-16,120.40988376645248
2027-10-17,120.29309468830208
2027-10-18,119.73159391872564
2027-10-19,460.7792243983954
2027-10-20,365.8045184428639
2027-10-21,553.2229946838198
2027-10-22,131.5625499107637
2027-10-23,118.10761699577468
2027-10-24,117.78974177898029
2027-10-25,117.47299678486551
2027-10-26,117.15732590819157
2027-10-27,116.84277675283938
2027-10-28,116.52867534163684
2027-10-29,116.21545817993102
2027-10-30,115.90323928000151
2027-10-31,115.59171459136412
2027-11-01,115.28149177088844
2027-11-02,162.39157852309162
2027-11-03,129.82021169454913
2027-11-04,1165.846352288461
2027-11-05,114.10312753949889
2027-11-06,525.0059145832823
2027-11-07,113.67873348854644
2027-11-08,113.5279949958376
2027-11-09,114.2095425424301
2027-11-10,113.2168317417716
2027-11-11,113.0499778921262
2027-11-12,112.87387523238534
2027-11-13,112.68904623130967
2027-11-14,112.49668630162316
2027-11-15,112.29662386387967
2027-11-16,112.09004529553978
2027-11-17,111.87791877159935
2027-11-18,111.66034834034969
2027-11-19,111.43721011002492
2027-11-20,111.20851414120024
2027-11-21,110.9747156228641
2027-11-22,110.73639317132674
2027-11-23,110.49499847383012
2027-11-24,203.36510925957555
2027-11-25,397.8796619365133
2027-11-26,3886.208513664361
2027-11-27,156.2706312176001
2027-11-28,125.93637940895006
2027-11-29,124.23744193850688
2027-11-30,125.63644662809344
2027-12-01,212.73568613693288
2027-12-02,956.8965630447444
2027-12-03,132.08830977254
2027-12-04,127.92917887901544
2027-12-05,6183.74232205454
2027-12-06,512.4363825317455
2027-12-07,201.21298868636603
2027-12-08,217.59116381330423
2027-12-09,221.76112346062112
2027-12-10,483.0532218327365
2027-12-11,250.4271916248116
2027-12-12,762.3674101044132
2027-12-13,231.04687430687875
2027-12-14,2378.3266712901955
2027-12-15,3100.58230777718
2027-12-16,264.4337881960354
2027-12-17,243.777495895914
2027-12-18,242.1323911699326
2027-12-19,677.0978323387662
2027-12-20,817.6224465066788
2027-12-21,222.245877957503
2027-12-22,226.35578769645383
2027-12-23,224.03029483955729
2027-12-24,2621.9281930839466
2027-12-25,1547.19140490092
2027-12-26,2020.5264334372832
2027-12-27,8154.192918380427
2027-12-28,4442.721274785266
2027-12-29,539.7010543649565
2027-12-30,440.54612698949234
2027-12-31,434.3178799983403
2028-01-01,4176.445493750165
2028-01-02,502.3296967378236
2028-01-03,441.3445492533636
2028-01-04,546.9345851200399
2028-01-05,612.5629259904624
2028-01-06,463.22983707394826
2028-01-07,521.6709303769555
2028-01-08,550.9268264698106
2028-01-09,497.8997100687647
2028-01-10,553.1884545211685
2028-01-11,1208.6485831506584
2028-01-12,1398.442460522504
2028-01-13,1333.396121471986
2028-01-14,5822.139342957295
2028-01-15,2364.3008294512247
2028-01-16,3817.053925658949
2028-01-17,1535.5580216519102
2028-01-18,796.1893268391159
2028-01-19,1179.5908953784603
2028-01-20,927.7047831075084
2028-01-21,1063.5171817273626
2028-01-22,1072.1557029714209
2028-01-23,1109.0062915833817
2028-01-24,1065.4757664719752
2028-01-25,2238.356510276476
2028-01-26,889.4636729390128
2028-01-27,894.1001905920242
2028-01-28,1250.2402971846054
2028-01-29,1937.4450065662625
2028-01-30,4629.6273503706925
2028-01-31,1155.82197154247
2028-02-01,1212.7686346343748
2028-02-02,1351.0854281963047
2028-02-03,1443.663560075806
2028-02-04,1671.371663613439
2028-02-05,1688.3968997074785
2028-02-06,1701.9071166075228
2028-02-07,3246.2192019667555
2028-02-08,1982.839158289351
2028-02-09,2097.7135640058787
2028-02-10,2251.852894694803
2028-02-11,2358.636120483328
2028-02-12,2336.9588925463195
2028-02-13,2206.001566267036
2028-02-14,2078.5242836651164
2028-02-15,2007.272437562124
2028-02-16,2561.6948979534923
2028-02-17,4072.452170689713
2028-02-18,4345.516349129973
2028-02-19,2420.777705257852
2028-02-20,2843.6318559158567
2028-02-21,4793.51374132232
2028-02-22,4576.633743691114
2028-02-23,2945.331215533892
2028-02-24,3174.7788541556424
2028-02-25,2914.0801451633524
2028-02-26,3035.971294083818
2028-02-27,2694.192043003327
2028-02-28,2644.016303348066
2028-02-29,2529.8019891085733
2028-03-01,2364.058758211312
2028-03-02,2653.7582231248903
2028-03-03,2687.930869971671
2028-03-04,2346.8298470285927
2028-03-05,2789.4894341808704
2028-03-06,2155.693072344501
2028-03-07,2041.8260539760267
2028-03-08,2002.2768457529185
2028-03-09,1966.1000926606744
2028-03-10,1928.53184330156
2028-03-11,5453.01404964133
2028-03-12,3335.177139101445
2028-03-13,2557.800224465653
2028-03-14,2969.4467901511834
2028-03-15,3930.178731544105
2028-03-16,2631.527531411586
2028-03-17,2619.761685055751
2028-03-18,2526.7964143542613
2028-03-19,2368.680146481596
2028-03-20,2304.875415591738
2028-03-21,2222.718704517766
2028-03-22,2118.1886189718475
2028-03-23,2103.009432118856
2028-03-24,2070.85820084993
2028-03-25,2023.2189096040013
2028-03-26,2179.697696381665
2028-03-27,1740.2543342290048
2028-03-28,1674.1214559418192
2028-03-29,1596.311869231879
2028-03-30,1488.0064549807446
2028-03-31,1447.5691837954923
2028-04-01,1346.721263597497
2028-04-02,1285.5304066790138
2028-04-03,1213.943880901139
2028-04-04,1158.1557701635634
2028-04-05,1091.622589794976
2028-04-06,1017.545555100098
2028-04-07,926.4267261665068
2028-04-08,1647.0675514994512
2028-04-09,802.5207537642531
2028-04-10,804.8054856225378
2028-04-11,1254.2480840820183
2028-04-12,1650.5251950543293
2028-04-13,1260.2214673674785
2028-04-14,955.004667110894
2028-04-15,892.7908920263267
2028-04-16,1061.4819589113552
2028-04-17,1963.5695287401609
2028-04-18,934.2490572375532
2028-04-19,902.2863645361236
2028-04-20,882.5246480842563
2028-04-21,854.4933451423141
2028-04-22,827.2274860214167
2028-04-23,1963.43449465351
2028-04-24,833.7391407596422
2028-04-25,836.7746452028045
2028-04-26,819.7081552245868
2028-04-27,795.9364783216664
2028-04-28,2530.26151469826
2028-04-29,805.6820748649209
2028-04-30,846.8184812093267
2028-05-01,821.836580563221
2028-05-02,3046.1907234835026
2028-05-03,988.8074053536964
2028-05-04,1025.1252104466505
2028-05-05,2107.031443153204
2028-05-06,1089.4311595902996
2028-05-07,1129.414409766791
2028-05-08,1117.0185212167587
2028-05-09,1058.640680398565
2028-05-10,981.7584917094864
2028-05-11,935.3226306291356
2028-05-12,871.4507882689021
2028-05-13,643.0204453759383
2028-05-14,592.0009850910245
2028-05-15,549.1196084595123
2028-05-16,515.3809931057506
2028-05-17,488.33026494780097
2028-05-18,457.7300789428789
2028-05-19,430.54199608546656
2028-05-20,410.1053558828968
2028-05-21,394.93234667778216
2028-05-22,383.0501888299013
2028-05-23,373.3906763207821
2028-05-24,365.39242381043607
2028-05-25,358.20802464485246
2028-05-26,351.7613070740064
2028-05-27,346.17690184142367
2028-05-28,341.3856335167571
2028-05-29,337.202864218327
2028-05-30,333.5729087490823
2028-05-31,330.2629435773904
2028-06-01,327.06489889709303
2028-06-02,323.9014821464213
2028-06-03,320.70961105645586
2028-06-04,317.47409848544976
2028-06-05,314.0577938150297
2028-06-06,310.6328536285952
2028-06-07,307.3750435711616
2028-06-08,304.10246233860727
2028-06-09,300.8295698577748
2028-06-10,297.5492034201495
2028-06-11,294.18334923619506
2028-06-12,290.74078569269614
2028-06-13,287.39950535196976
2028-06-14,284.0525952080416
2028-06-15,280.80282241307725
2028-06-16,277.6975775940249
2028-06-17,274.6212753592582
2028-06-18,273.64107895462183
2028-06-19,268.3846325056883
2028-06-20,265.18946653710736
2028-06-21,261.9935555922877
2028-06-22,258.8853683814838
2028-06-23,255.636271676464
2028-06-24,252.3240692781846
2028-06-25,248.9444414863759
2028-06-26,245.81689273815607
2028-06-27,242.66787646273508
2028-06-28,239.4823331610104
2028-06-29,236.2202277505561
2028-06-30,233.0216087278594
2028-07-01,230.0708453938966
2028-07-02,227.11759256087507
2028-07-03,224.11007444821493
2028-07-04,221.1018074493913
2028-07-05,218.0769625159734
2028-07-06,215.13141215691672
2028-07-07,212.2124044683221
2028-07-08,209.33877622214928
2028-07-09,206.53840863558
2028-07-10,203.81609443260365
2028-07-11,201.16317778548816
2028-07-12,198.5943780180833
2028-07-13,196.12476317339616
2028-07-14,193.7836852000877
2028-07-15,191.58657531996667
2028-07-16,189.5190270373795
2028-07-17,187.5032647681492
2028-07-18,187.50932007215428
2028-07-19,183.86662339897333
2028-07-20,181.81119114079985
2028-07-21,179.78248654524296
2028-07-22,177.76818506391467
2028-07-23,175.75686482582947
2028-07-24,173.77806740603097
2028-07-25,171.90551562654832
2028-07-26,170.19708697849856
2028-07-27,168.56801284910114
2028-07-28,166.9528447725888
2028-07-29,165.22203996739435
2028-07-30,163.4943688533143
2028-07-31,161.88852912105637
2028-08-01,160.3198949749674
2028-08-02,158.85141697122438
2028-08-03,157.57078222665731
2028-08-04,156.4423854393251
2028-08-05,155.3286519833464
2028-08-06,154.11575440551815
2028-08-07,152.76048024290708
2028-08-08,151.4397222185155
2028-08-09,150.21122266761378
2028-08-10,149.0793910029421
2028-08-11,148.02002575693376
2028-08-12,147.09393278963103
2028-08-13,146.21986989023284
2028-08-14,145.38178487396567
2028-08-15,144.54445095339875
2028-08-16,143.7770307612144
2028-08-17,143.0048658481389
2028-08-18,142.22825595026288
2028-08-19,141.5340625349401
2028-08-20,140.8821580953045
2028-08-21,140.2587178373067
2028-08-22,139.6460949115018
2028-08-23,139.0284246311817
2028-08-24,138.42785718383467
2028-08-25,137.866517407992
2028-08-26,137.7097707506309
2028-08-27,136.7936493249757
2028-08-28,136.22463296776883
2028-08-29,135.70294886196976
2028-08-30,135.20551171022402
2028-08-31,134.70461125605013
2028-09-01,134.21232079242031
2028-09-02,133.7497164931575
2028-09-03,133.30112334421472
2028-09-04,132.84896266016747
2028-09-05,132.39438823806375
2028-09-06,131.9558500210782
2028-09-07,131.53180994576385
2028-09-08,131.1150587812761
2028-09-09,130.7018272105069
2028-09-10,130.2911955798103
2028-09-11,129.87814509134364
2028-09-12,129.46130754967604
2028-09-13,129.0499376305201
2028-09-14,128.64181520905743
2028-09-15,128.2422164149056
2028-09-16,127.84953610043458
2028-09-17,127.45812770773648
2028-09-18,127.0684563262072
2028-09-19,126.67492372834292
2028-09-20,126.28225373574746
2028-09-21,125.89145353219456
2028-09-22,125.5071079586574
2028-09-23,125.13033625830636
2028-09-24,124.75929726054622
2028-09-25,124.3910105705282
2028-09-26,124.02506835955144
2028-09-27,123.6599238016564
2028-09-28,123.2961464137725
2028-09-29,122.9347802894423
2028-09-30,122.57573083923631
2028-10-01,122.21952927449898
2028-10-02,121.8647142981873
2028-10-03,121.50984333878486
2028-10-04,121.15684278642956
2028-10-05,120.8046965865464
2028-10-06,120.47661281829885
2028-10-07,120.11302805626562
2028-10-08,119.7692448384934
2028-10-09,119.42757885417149
2028-10-10,119.08909254237317
2028-10-11,118.75285596319864
2028-10-12,118.41804337474534
2028-10-13,118.08466435734115
2028-10-14,117.75318402401152
2028-10-15,117.42308977929952
2028-10-16,117.09485634927628
2028-10-17,116.76899617199868
2028-10-18,116.44479728771496
2028-10-19,116.12188964057736
2028-10-20,115.8002449254541
2028-10-21,115.47990100779248
2028-10-22,115.16120876258292
2028-10-23,114.84501270526694
2028-10-24,114.53023113498053
2028-10-25,114.21652245859406
2028-10-26,113.90444669731312
2028-10-27,113.59416499880209
2028-10-28,113.28523121685473
2028-10-29,112.97777828663746
2028-10-30,112.67209100096336
2028-10-31,112.36762821676815
2028-11-01,291.9511731155042
2028-11-02,887.5596115040235
2028-11-03,1962.577148538216
2028-11-04,160.53774411050213
2028-11-05,655.817065063361
2028-11-06,152.40099560125077
2028-11-07,191.9395455013863
2028-11-08,296.89269733809107
2028-11-09,180.54542821795724
2028-11-10,182.64371936409955
2028-11-11,140.14409842881275
2028-11-12,156.2292936558367
2028-11-13,1035.3426605031711
2028-11-14,121.80107069345208
2028-11-15,112.91924216918332
2028-11-16,113.56065762297754
2028-11-17,837.8933522041356
2028-11-18,114.7658590255226
2028-11-19,115.6914397455824
2028-11-20,116.43904049614636
2028-11-21,117.01588019334896
2028-11-22,117.45507318244152
2028-11-23,117.78494577121968
2028-11-24,125.205812983057
2028-11-25,118.22519651152828
2028-11-26,118.3638089109103
2028-11-27,118.4570350249056
2028-11-28,746.1596765973103
2028-11-29,241.37021219229027
2028-11-30,127.45823978947595
2028-12-01,120.62249794071236
2028-12-02,121.86230129433932
2028-12-03,125.32401840190404
2028-12-04,130.5210276195359
2028-12-05,180.86061262424232
2028-12-06,151.0740518755211
2028-12-07,157.31620058248816
2028-12-08,623.6812133446258
2028-12-09,638.7916015706483
2028-12-10,140.6019888137121
2028-12-11,131.59939837450182
2028-12-12,1614.542241379599
2028-12-13,4035.793737812939
2028-12-14,227.37730913027667
2028-12-15,193.6009029786842
2028-12-16,1098.8445642102265
2028-12-17,2256.127317459522
2028-12-18,183.0352029199904
2028-12-19,204.08703320410484
2028-12-20,230.92297736430623
2028-12-21,247.45657751488457
2028-12-22,235.1943439946716
2028-12-23,217.7491185247725
2028-12-24,211.73203207093465
2028-12-25,202.3790470792652
2028-12-26,191.8784921311317
2028-12-27,1164.0502739775318
2028-12-28,194.8626685915867
2028-12-29,280.8557102567884
2028-12-30,211.1961659292616
2028-12-31,205.6029043140138
2029-01-01,202.2720084190848
2029-01-02,202.4581694938482
2029-01-03,200.27715053872944
2029-01-04,190.643475263816
2029-01-05,184.9960394635548
2029-01-06,184.6661338954515
2029-01-07,184.4016915654096
2029-01-08,378.9674747892328
2029-01-09,743.015713868152
2029-01-10,184.047473092321
2029-01-11,184.0943118390265
2029-01-12,184.05602813038303
2029-01-13,183.9537062997756
2029-01-14,183.78456708983845
2029-01-15,183.52830497973463
2029-01-16,183.2257563268244
2029-01-17,580.509451794105
2029-01-18,186.2768653358572
2029-01-19,183.9225370190434
2029-01-20,1651.2939476399456
2029-01-21,263.8184821791972
2029-01-22,219.0811497358314
2029-01-23,189.56484541534223
2029-01-24,211.97956594125097
2029-01-25,235.66280969231312
2029-01-26,238.84894645016016
2029-01-27,744.4219117471937
2029-01-28,3952.209368060106
2029-01-29,2195.59221837838
2029-01-30,3832.417352425484
2029-01-31,1697.6065765752064
2029-02-01,312.9033480661618
2029-02-02,320.74650324957025
2029-02-03,410.3449732450152
2029-02-04,454.61570154405183
2029-02-05,360.45950566722064
2029-02-06,286.4984656880309
2029-02-07,281.86993935080665
2029-02-08,263.4943198881102
2029-02-09,262.36095375017896
2029-02-10,270.320386049442
2029-02-11,271.1464818027386
2029-02-12,1418.571719387789
2029-02-13,2976.523559931745
2029-02-14,2664.847320608873
2029-02-15,1173.939254764518
2029-02-16,332.03832738499284
2029-02-17,362.7295544648493
2029-02-18,342.91527068369544
2029-02-19,327.505693900102
2029-02-20,332.59979526178495
2029-02-21,327.7156162386848
2029-02-22,324.89475458728225
2029-02-23,329.31717568923176
2029-02-24,1204.7568899617577
2029-02-25,11871.252438787486
2029-02-26,2642.86589248301
2029-02-27,1050.7344899699492
2029-02-28,814.9855056956387
2029-03-01,833.2114950222614
2029-03-02,831.7718936197314
2029-03-03,863.2487292011768
2029-03-04,808.8255729941452
2029-03-05,1264.2026827063166
2029-03-06,1650.8983716791504
2029-03-07,995.2276404705513
2029-03-08,1050.5044945501472
2029-03-09,1025.9059172210268
2029-03-10,942.513534689904
2029-03-11,1404.5656546649957
2029-03-12,1411.8436295209126
2029-03-13,957.3458879163406
2029-03-14,975.0994414942444
2029-03-15,2172.3785463982617
2029-03-16,1506.519106578053
2029-03-17,1025.9926244884905
2029-03-18,1008.6450630520357
2029-03-19,964.1754487161292
2029-03-20,942.1437227021484
2029-03-21,894.8341027438408
2029-03-22,823.9649442964105
2029-03-23,1902.414206177192
2029-03-24,1281.807600616907
2029-03-25,803.1769220654718
2029-03-26,783.3922411429752
2029-03-27,744.9550389703943
2029-03-28,969.2526237083252
2029-03-29,684.882130400855
2029-03-30,655.6931534169863
2029-03-31,616.7605963047479
2029-04-01,576.3514303208194
2029-04-02,536.3641034708775
2029-04-03,502.09262637847786
2029-04-04,476.0827239535393
2029-04-05,455.5924171478137
2029-04-06,1179.070132781486
2029-04-07,535.4075325471996
2029-04-08,465.4016673267448
2029-04-09,424.91850141506734
2029-04-10,408.4425334890296
2029-04-11,686.3497515117465
2029-04-12,2682.459238935317
2029-04-13,629.6828717182691
2029-04-14,610.9373966484375
2029-04-15,502.213084629273
2029-04-16,488.7403491096324
2029-04-17,477.0257312278856
2029-04-18,460.6666174219115
2029-04-19,454.11204297772514
2029-04-20,2400.32819004582
2029-04-21,549.7991376457122
2029-04-22,512.0080489781994
2029-04-23,500.528319473891
2029-04-24,485.7922379833499
2029-04-25,464.0267532431909
2029-04-26,441.7265741256708
2029-04-27,423.64602685764623
2029-04-28,408.9789089006032
2029-04-29,393.061715738916
2029-04-30,375.8585706535426
2029-05-01,359.7870389464147
2029-05-02,346.5397289221785
2029-05-03,336.9699068722103
2029-05-04,330.6801008627206
2029-05-05,326.7912558268397
2029-05-06,323.9086513009464
2029-05-07,321.53447493589306
2029-05-08,319.4740058932207
2029-05-09,317.49392354902545
2029-05-10,315.23650730439243
2029-05-11,312.75020233654897
2029-05-12,310.0067392817657
2029-05-13,307.22304038478507
2029-05-14,304.3943982393703
2029-05-15,301.6660471692981
2029-05-16,299.02500192244327
2029-05-17,296.39979431231427
2029-05-18,293.58660207567044
2029-05-19,290.82957565390643
2029-05-20,288.1237580556146
2029-05-21,285.37919971422565
2029-05-22,282.60239535046003
2029-05-23,279.73678934811227
2029-05-24,276.9436610404851
2029-05-25,274.14407866463233
2029-05-26,271.29102267642645
2029-05-27,268.4765705207941
2029-05-28,265.6533220764925
2029-05-29,262.7162264618688
2029-05-30,259.7571134466606
2029-05-31,256.81036473113073
2029-06-01,253.87604336443889
2029-06-02,250.9194339673796
2029-06-03,248.07178749157387
2029-06-04,245.3109020587114
2029-06-05,242.5269459382989
2029-06-06,239.7192600871428
2029-06-07,236.8707838778452
2029-06-08,233.99430678605728
2029-06-09,231.1491386698258
2029-06-10,228.36061997732733
2029-06-11,225.57952243415355
2029-06-12,222.8271018855868
2029-06-13,220.0470059484865
2029-06-14,217.2433601663625
2029-06-15,214.4416167407872
2029-06-16,211.71780007786435
2029-06-17,209.0196291788889
2029-06-18,206.43780671010165
2029-06-19,203.85053888623648
2029-06-20,201.24883121007213
2029-06-21,198.7122962650052
2029-06-22,196.28761144119431
2029-06-23,193.90188075285343
2029-06-24,191.6035825441332
2029-06-25,189.29740791418195
2029-06-26,186.9775070889798
2029-06-27,184.73100357944725
2029-06-28,182.61362951076893
2029-06-29,180.6128788776074
2029-06-30,178.67420012388115
2029-07-01,176.72761831361606
2029-07-02,174.82438078795477
2029-07-03,172.93370255845093
2029-07-04,171.06024285462323
2029-07-05,169.21917292514578
2029-07-06,167.4037795175184
2029-07-07,165.69481920167593
2029-07-08,164.05173240457057
2029-07-09,162.42796667066133
2029-07-10,160.808076283675
2029-07-11,159.21923484716962
2029-07-12,157.6635140388768
2029-07-13,156.15472942509848
2029-07-14,154.7274337479155
2029-07-15,153.4297482641795
2029-07-16,152.20951239916596
2029-07-17,151.007779810582
2029-07-18,149.82153074060102
2029-07-19,148.64808548821495
2029-07-20,147.52419189522053
2029-07-21,146.4730531678546
2029-07-22,145.41938011845525
2029-07-23,144.38542823955186
2029-07-24,143.43579007429966
2029-07-25,142.55669341997216
2029-07-26,141.73202983967457
2029-07-27,140.91254533918809
2029-07-28,140.06216835013143
2029-07-29,139.24644150113397
2029-07-30,141.9834527813315
2029-07-31,138.18522720412784
2029-08-01,138.44083975180354
2029-08-02,137.31089621719312
2029-08-03,151.12987407089872
2029-08-04,135.56403946392084
2029-08-05,134.99433594927058
2029-08-06,134.4124719239871
2029-08-07,133.8676072092378
2029-08-08,133.32318085677986
2029-08-09,132.77943221017298
2029-08-10,132.25868062018907
2029-08-11,131.7570650866319
2029-08-12,131.26990902671798
2029-08-13,130.80299621149726
2029-08-14,130.3476573389648
2029-08-15,129.89812254892243
2029-08-16,129.45608080047828
2029-08-17,129.0283839680382
2029-08-18,128.6142414758177
2029-08-19,128.2039328758226
2029-08-20,127.80016875677649
2029-08-21,127.41137853238902
2029-08-22,127.02540632874609
2029-08-23,126.64271635611333
2029-08-24,126.26230452236231
2029-08-25,125.88487376434244
2029-08-26,125.51327780808256
2029-08-27,125.14430116372318
2029-08-28,124.77580005423307
2029-08-29,124.40739483877522
2029-08-30,124.04075499274066
2029-08-31,123.67527365414637
2029-09-01,123.31222203775124
2029-09-02,122.95200854544495
2029-09-03,122.59472759281886
2029-09-04,122.2413180098164
2029-09-05,121.96968590793676
2029-09-06,121.54210083420512
2029-09-07,121.19457624003304
2029-09-08,120.848826248825
2029-09-09,120.50471827255724
2029-09-10,120.16235754285124
2029-09-11,119.82362208771367
2029-09-12,119.487552963282
2029-09-13,119.15311650360005
2029-09-14,118.81979098055086
2029-09-15,118.4886673812328
2029-09-16,118.15916680578256
2029-09-17,117.83079596474872
2029-09-18,117.5040862715312
2029-09-19,117.17926570245405
2029-09-20,116.8556894010114
2029-09-21,116.53342319490582
2029-09-22,116.21314068614954
2029-09-23,117.64757225861526
2029-09-24,115.57789977704064
2029-09-25,115.26154707388982
2029-09-26,562.5318115758537
2029-09-27,6359.32445421587
2029-09-28,10943.898481195049
2029-09-29,406.58767617763135
2029-09-30,259.1948914068107
2029-10-01,256.65656060469166
2029-10-02,182.6632893527509
2029-10-03,184.037476165361
2029-10-04,184.6825021588965
2029-10-05,184.9143651815143
2029-10-06,184.87346294262733
2029-10-07,184.64657519281985
2029-10-08,184.27530908384696
2029-10-09,183.7818593174727
2029-10-10,183.1806054984681
2029-10-11,182.47391488433885
2029-10-12,181.64134755735355
2029-10-13,180.82066944648795
2029-10-14,180.00025619250536
2029-10-15,179.10429258807918
2029-10-16,178.1362614979275
2029-10-17,177.13272074254894
2029-10-18,489.76649503148974
2029-10-19,176.81352427361497
2029-10-20,175.3002028301638
2029-10-21,174.43365379478553
2029-10-22,173.45457663934346
2029-10-23,172.41800965658018
2029-10-24,171.37028529672602
2029-10-25,170.32181167346445
2029-10-26,169.27583848273864
2029-10-27,168.24548676682923
2029-10-28,167.2314572026646
2029-10-29,166.2636846833806
2029-10-30,175.42447492397926
2029-10-31,427.49643422600775
2029-11-01,176.51777933721257
2029-11-02,163.76932346761055
2029-11-03,162.98048481888284
2029-11-04,162.23905480566714
2029-11-05,161.54202269539425
2029-11-06,792.9406161488769
2029-11-07,493.4795437490855
2029-11-08,160.1007841506742
2029-11-09,190.31276603530387
2029-11-10,159.81666847671113
2029-11-11,158.9406438274249
2029-11-12,158.42362461510183
2029-11-13,157.90707145490148
2029-11-14,1026.9087098507991
2029-11-15,7293.34156940222
2029-11-16,8348.439984124254
2029-11-17,1693.9143915414463
2029-11-18,878.0081771808764
2029-11-19,241.71224272644903
2029-11-20,243.91322510301927
2029-11-21,245.7603048584996
2029-11-22,246.76764034904247
2029-11-23,247.23191921086715
2029-11-24,247.2920148186833
2029-11-25,247.03059699218204
2029-11-26,246.5953287356471
2029-11-27,246.1338746080265
2029-11-28,245.694178769748
2029-11-29,245.19043133999853
2029-11-30,244.54654233581343
2029-12-01,243.88864425441
2029-12-02,1899.010704942922
2029-12-03,244.98574802893043
2029-12-04,6781.42182107793
2029-12-05,5477.61244077578
2029-12-06,436.23117907419646
2029-12-07,338.9745821846394
2029-12-08,343.3369872873805
2029-12-09,1083.818383764832
2029-12-10,595.5542618759312
2029-12-11,436.95610508515495
2029-12-12,478.89644153223287
2029-12-13,874.7473041496075
2029-12-14,633.1734015456952
2029-12-15,617.292127465153
2029-12-16,751.3652392670847
2029-12-17,5034.978919151527
2029-12-18,976.7325149940876
2029-12-19,486.0804217153415
2029-12-20,476.0383217722501
2029-12-21,462.3985178883432
2029-12-22,449.7939902867751
2029-12-23,725.2989144980652
2029-12-24,805.4936124695391
2029-12-25,445.7120083979098
2029-12-26,447.8595730600874
2029-12-27,453.2182581845046
2029-12-28,450.2433928120573
2029-12-29,442.2381118610372
2029-12-30,433.5530159421752
2029-12-31,494.7309691616761
2030-01-01,973.9800849345352
2030-01-02,2445.350527153744
2030-01-03,2972.963638449223
2030-01-04,581.8532494576964
2030-01-05,889.521332732501
2030-01-06,5544.868055183287
2030-01-07,1895.3492424122048
2030-01-08,1536.8183757400714
2030-01-09,1334.4808680436793
2030-01-10,1307.178281138218
2030-01-11,1249.5759005014013
2030-01-12,1198.3442015707242
2030-01-13,1142.685497206097
2030-01-14,1084.9859249750984
2030-01-15,3546.5519273155805
2030-01-16,1980.8530833164336
2030-01-17,1450.9887049279355
2030-01-18,1721.4729465387047
2030-01-19,1984.158800086661
2030-01-20,1929.2109063857029
2030-01-21,4047.1376894189743
2030-01-22,1780.2434567710711
2030-01-23,1797.9914149996143
2030-01-24,3374.9530009609434
2030-01-25,2360.3864835574987
2030-01-26,1902.479874825147
2030-01-27,1837.41939584458
2030-01-28,1733.8435459576565
2030-01-29,1605.7713580208365
2030-01-30,1486.5224319857632
2030-01-31,1376.3649312270777
2030-02-01,1268.9080716437802
2030-02-02,1176.1998093592456
2030-02-03,1742.27951425219
2030-02-04,2442.574831761408
2030-02-05,1252.210459372798
2030-02-06,1142.51851642817
2030-02-07,1418.3747994988566
2030-02-08,1117.1297463278484
2030-02-09,1098.4970067678275
2030-02-10,1481.3598339140806
2030-02-11,1027.9332497140315
2030-02-12,984.4599411363236
2030-02-13,942.1176097475352
2030-02-14,1803.6366831575856
2030-02-15,2591.1836639845023
2030-02-16,5115.586206842209
2030-02-17,4223.870377578475
2030-02-18,3806.587599573497
2030-02-19,4550.698915045166
2030-02-20,3178.228255059368
2030-02-21,3096.152678644765
2030-02-22,2856.2073347181254
2030-02-23,2603.805692166778
2030-02-24,2361.2856561820045
2030-02-25,2134.566408954405
2030-02-26,1921.1303647347856
2030-02-27,1779.9428654546002
2030-02-28,1593.054379179396
2030-03-01,1478.501322935923
2030-03-02,1355.0645249352492
2030-03-03,1247.1827401806977
2030-03-04,1154.4487475274198
2030-03-05,1148.5034605769304
2030-03-06,1420.352483026587
2030-03-07,964.5985994699824
2030-03-08,920.7621353852844
2030-03-09,870.0487518499085
2030-03-10,939.9451864436004
2030-03-11,1963.597013822348
2030-03-12,1872.067613519752
2030-03-13,3004.3342688627213
2030-03-14,2759.712998034295
2030-03-15,1457.0984403602836
2030-03-16,1571.1685453391822
2030-03-17,1518.2654726807848
2030-03-18,2184.725789766529
2030-03-19,5505.558915333897
2030-03-20,1956.787021633872
2030-03-21,2123.5865674987253
2030-03-22,2709.914120537
2030-03-23,5559.9894110962
2030-03-24,4142.145653616626
2030-03-25,3084.629248212361
2030-03-26,3029.730545969374
2030-03-27,2774.867037841321
2030-03-28,2487.797015659459
2030-03-29,2201.983616736765
2030-03-30,1938.755122885981
2030-03-31,1705.0533645054093
2030-04-01,1515.585385297229
2030-04-02,1351.010521378498
2030-04-03,1219.8415960270038
2030-04-04,1101.9837335843142
2030-04-05,992.0979693132572
2030-04-06,896.2778848890484
2030-04-07,910.3942645629122
2030-04-08,1085.293231711432
2030-04-09,749.5420739508662
2030-04-10,688.7478279089435
2030-04-11,628.5532429856538
2030-04-12,575.579588184176
2030-04-13,530.467948232308
2030-04-14,526.585508586601
2030-04-15,476.88669519925577
2030-04-16,452.9511116439983
2030-04-17,432.9100494548079
2030-04-18,419.0449057605274
2030-04-19,1776.8322702264925
2030-04-20,3562.910487987182
2030-04-21,496.0838222311653
2030-04-22,1495.6707435593871
2030-04-23,8585.926446949177
2030-04-24,5647.560786571979
2030-04-25,3359.424736081036
2030-04-26,3373.3248040510257
2030-04-27,3064.9045350563165
2030-04-28,2742.741268154621
2030-04-29,2546.561291111189
2030-04-30,2884.2670210682304
2030-05-01,2057.0218204167936
2030-05-02,1844.127506529028
2030-05-03,1617.8615889549053
2030-05-04,1398.543997280858
2030-05-05,1210.4100294227007
2030-05-06,1043.2418644247575
2030-05-07,895.6064476210761
2030-05-08,785.6163873138671
2030-05-09,687.1279256207529
2030-05-10,604.8214787057931
2030-05-11,535.309651925556
2030-05-12,481.9555750962764
2030-05-13,444.0211959856467
2030-05-14,417.8348532605645
2030-05-15,401.96016693269866
2030-05-16,393.0092941670184
2030-05-17,387.54726213555966
2030-05-18,383.4854876990847
2030-05-19,379.6436868655071
2030-05-20,387.195814614535
2030-05-21,374.1976404899926
2030-05-22,371.4135753476734
2030-05-23,368.4698789286761
2030-05-24,365.5494332053685
2030-05-25,362.5971192442724
2030-05-26,2422.86821239045
2030-05-27,699.2181115575103
2030-05-28,359.1485223999031
2030-05-29,377.9585751147288
2030-05-30,948.0139953885556
2030-05-31,357.083056178762
2030-06-01,473.0921487774417
2030-06-02,357.6999030120569
2030-06-03,354.6580837415674
2030-06-04,351.3912627948088
2030-06-05,348.7670460017588
2030-06-06,345.9674644822172
2030-06-07,343.11063533662013
2030-06-08,340.28555527904365
2030-06-09,337.4924673959049
2030-06-10,334.6008344024316
2030-06-11,331.6481019920957
2030-06-12,425.3135908695672
2030-06-13,327.54317246198843
2030-06-14,325.39290371855543
2030-06-15,322.6628233238984
2030-06-16,319.8578408525788
2030-06-17,316.99863861518327
2030-06-18,314.1545515816559
2030-06-19,311.2598936755244
2030-06-20,308.3093087279833
2030-06-21,305.34891103319853
2030-06-22,302.4381221476858
2030-06-23,299.5192185927571
2030-06-24,296.520992450409
2030-06-25,293.39599722730594
2030-06-26,290.1767806270581
2030-06-27,287.0216716252441
2030-06-28,283.9506802845853
2030-06-29,280.8589357071808
2030-06-30,277.6580499373492
2030-07-01,274.48646475596524
2030-07-02,271.42710565079415
2030-07-03,268.3907869261404
2030-07-04,265.2900115889188
2030-07-05,262.15772965759106
2030-07-06,258.9890875643436
2030-07-07,255.78621807342972
2030-07-08,252.6330993110232
2030-07-09,249.4840277266945
2030-07-10,246.3362729675092
2030-07-11,243.22870603311551
2030-07-12,240.1649084885186
2030-07-13,237.1031900608141
2030-07-14,234.05134792468408
2030-07-15,231.0322645843984
2030-07-16,228.10251413497565
2030-07-17,225.2319352777988
2030-07-18,222.445084465404
2030-07-19,219.6411728351364
2030-07-20,216.84503339910447
2030-07-21,214.12693204945808
2030-07-22,211.47753676107425
2030-07-23,208.8859824188777
2030-07-24,206.30476573567395
2030-07-25,203.8054566495325
2030-07-26,201.35470150498043
2030-07-27,198.91025152249136
2030-07-28,196.59357685556884
2030-07-29,194.37915055647213
2030-07-30,192.19744906980773
2030-07-31,190.0955743146946
2030-08-01,188.01924335549333
2030-08-02,186.00284829268028
2030-08-03,184.0120750759914
2030-08-04,182.03019729476617
2030-08-05,180.0587491847925
2030-08-06,178.15510057584476
2030-08-07,176.30918987395972
2030-08-08,174.4901443325377
2030-08-09,172.64364195479646
2030-08-10,170.78412629845926
2030-08-11,169.02651206314775
2030-08-12,168.48264846814087
2030-08-13,165.74095546228548
2030-08-14,164.0135941493235
2030-08-15,162.3608189738148
2030-08-16,160.74678327652865
2030-08-17,159.17425531972015
2030-08-18,157.62909124564965
2030-08-19,156.1754429415066
2030-08-20,154.81295964607446
2030-08-21,153.57765202078858
2030-08-22,152.44489139166404
2030-08-23,151.34844365184148
2030-08-24,150.33415096156978
2030-08-25,149.41501635307495
2030-08-26,148.5135006922951
2030-08-27,147.58830931945243
2030-08-28,146.68641721084066
2030-08-29,145.83365201337634
2030-08-30,145.04279010045886
2030-08-31,144.24570754606987
2030-09-01,143.4384578230217
2030-09-02,142.64734004767115
2030-09-03,141.9357531164608
2030-09-04,141.26495231809994
2030-09-05,140.61253734813644
2030-09-06,139.99964222081496
2030-09-07,139.39879825596392
2030-09-08,138.8344680765725
2030-09-09,138.3094783977552
2030-09-10,137.77789148988808
2030-09-11,137.23123541951804
2030-09-12,136.69204680268288
2030-09-13,136.16539444635185
2030-09-14,135.6783302952887
2030-09-15,151.89190826072232
2030-09-16,1036.0385664231717
2030-09-17,134.44584517723737
2030-09-18,134.16014050293396
2030-09-19,3369.2345471813765
2030-09-20,1794.9385963580753
2030-09-21,186.00617476607812
2030-09-22,593.5900166973391
2030-09-23,248.72128026095572
2030-09-24,161.03379641436223
2030-09-25,150.52870771017928
2030-09-26,151.11946418146294
2030-09-27,151.34465100153173
2030-09-28,151.32765157631073
2030-09-29,151.72393796395858
2030-09-30,151.11823309844607
2030-10-01,2009.503754967061
2030-10-02,228.01059074163527
2030-10-03,365.5594959370121
2030-10-04,154.48888656225176
2030-10-05,155.36946404588724
2030-10-06,307.5370862485246
2030-10-07,156.55668295863006
2030-10-08,156.82413531807606
2030-10-09,156.86242683378035
2030-10-10,156.7143462545715
2030-10-11,156.46449688943713
2030-10-12,156.14805252853571
2030-10-13,155.79791625613768
2030-10-14,155.3958816078015
2030-10-15,154.97029336069508
2030-10-16,154.52276819723494
2030-10-17,2341.782755770152
2030-10-18,154.9556586210268
2030-10-19,156.07455586461262
2030-10-20,156.7439657522143
2030-10-21,157.127062606957
2030-10-22,157.31139680268504
2030-10-23,157.30316059518202
2030-10-24,157.19921672898323
2030-10-25,157.03934779383474
2030-10-26,156.84260143761009
2030-10-27,156.5816079922883
2030-10-28,156.22733403048025
2030-10-29,155.79228057976894
2030-10-30,155.2935890509898
2030-10-31,154.7451370333602
2030-11-01,154.17511142488888
2030-11-02,153.62192403469757
2030-11-03,153.0598623529374
2030-11-04,152.47821483450866
2030-11-05,151.8875778389303
2030-11-06,151.2903371165537
2030-11-07,150.6955760712274
2030-11-08,150.1048067540005
2030-11-09,149.50009123752204
2030-11-10,148.9038915148333
2030-11-11,148.32601189936904
2030-11-12,147.75623544656312
2030-11-13,147.19010707864982
2030-11-14,746.7652143589218
2030-11-15,146.31518547156637
2030-11-16,145.89420353237796
2030-11-17,145.46551880081245
2030-11-18,145.05503358763582
2030-11-19,144.6400566531658
2030-11-20,144.2082864678718
2030-11-21,152.4535554778235
2030-11-22,143.44372350816326
2030-11-23,143.04683061120855
2030-11-24,142.64441168147067
2030-11-25,142.23772694446774
2030-11-26,141.81858892564165
2030-11-27,141.39764147105868
2030-11-28,140.96051730921792
2030-11-29,140.52465712748298
2030-11-30,140.10313944066786
2030-12-01,139.69094154817375
2030-12-02,139.28255666323494
2030-12-03,138.88076802869313
2030-12-04,138.4926308445498
2030-12-05,138.10778582805412
2030-12-06,137.7279375195258
2030-12-07,137.3332758910487
2030-12-08,136.934360457834
2030-12-09,136.55077380108722
2030-12-10,136.18095230393885
2030-12-11,135.80654648481618
2030-12-12,135.41598295179224
2030-12-13,135.02263481165127
2030-12-14,134.6371547127632
2030-12-15,134.25406475162524
2030-12-16,133.87308172246964
2030-12-17,260.622865406687
2030-12-18,1044.403414361842
2030-12-19,154.7729745779955
2030-12-20,133.62613651227758
2030-12-21,134.36945972358322
2030-12-22,134.1928191809865
2030-12-23,218.780338950358
2030-12-24,145.65575121659344
2030-12-25,147.73435278046185
2030-12-26,158.13447755657927
2030-12-27,143.2129392190239
2030-12-28,359.5875215552194
2030-12-29,150.12551239842873
2030-12-30,165.85196116033643
2030-12-31,177.61345025462012
2031-01-01,208.05607014011304
2031-01-02,148.45048123285878
2031-01-03,155.9810044491602
2031-01-04,147.84115576120115
2031-01-05,142.30339909628623
2031-01-06,142.98139594408
2031-01-07,137.15435047023408
2031-01-08,133.8747839696369
2031-01-09,133.96467576611107
2031-01-10,135.90758585650835
2031-01-11,140.33036767945055
2031-01-12,134.19515238804925
2031-01-13,130.09323293596384
2031-01-14,129.93529127488432
2031-01-15,129.74774625565502
2031-01-16,129.53174482449526
2031-01-17,129.29707475203946
2031-01-18,129.05196965235862
2031-01-19,128.80417190643124
2031-01-20,128.5568201892922
2031-01-21,244.48552884528
2031-01-22,2368.7091577473216
2031-01-23,4769.432510497425
2031-01-24,3660.339724494097
2031-01-25,258.57657387977565
2031-01-26,217.1756715727557
2031-01-27,481.4595571459374
2031-01-28,1171.9013191370573
2031-01-29,351.64094562326966
2031-01-30,244.9543574014682
2031-01-31,291.0623343025427
2031-02-01,271.3249796909356
2031-02-02,286.19763262776013
2031-02-03,351.0899001777884
2031-02-04,317.72832700177963
2031-02-05,255.32363321706435
2031-02-06,231.21882005859845
2031-02-07,209.33886807739847
2031-02-08,218.0498861495909
2031-02-09,221.45388056423997
2031-02-10,220.89878243098516
2031-02-11,220.2601704352038
2031-02-12,219.25473458509543
2031-02-13,201.64888365938484
2031-02-14,192.80111190264583
2031-02-15,192.18552139939823
2031-02-16,191.5961889078281
2031-02-17,190.92691256164449
2031-02-18,190.2499025948995
2031-02-19,189.6369708005828
2031-02-20,189.04315315802896
2031-02-21,788.2041933961314
2031-02-22,268.5841917827159
2031-02-23,261.3992969548885
2031-02-24,240.1263291828393
2031-02-25,254.4981506840913
2031-02-26,275.33833350664
2031-02-27,228.75593244819453
2031-02-28,186.30707383673675
2031-03-01,185.48505324866957
2031-03-02,184.79999971118977
2031-03-03,184.0713982374116
2031-03-04,207.8442970744628
2031-03-05,182.95062733121225
2031-03-06,182.25108571413455
2031-03-07,805.1874579907524
2031-03-08,183.0540260765251
2031-03-09,181.0692919453745
2031-03-10,1118.8598634288137
2031-03-11,414.1807622581513
2031-03-12,235.7950093732352
2031-03-13,194.0315546928977
2031-03-14,200.40146267685623
2031-03-15,186.68823458820725
2031-03-16,183.3472205673296
2031-03-17,182.83286093499845
2031-03-18,182.1493132187192
2031-03-19,181.36938567646072
2031-03-20,180.5184021639629
2031-03-21,179.61564671608485
2031-03-22,214.38502869859116
2031-03-23,211.28551780425872
2031-03-24,177.71387985735225
2031-03-25,177.1107084016393
2031-03-26,197.64190422236223
2031-03-27,175.77940939290156
2031-03-28,174.80458636043394
2031-03-29,173.70603013135832
2031-03-30,172.62697428159106
2031-03-31,171.61651132816598
2031-04-01,483.30283485694224
2031-04-02,170.38793954061654
2031-04-03,169.48319800013576
2031-04-04,168.32676609755796
2031-04-05,167.08058176697693
2031-04-06,165.97090430858344
2031-04-07,165.00017122614574
2031-04-08,164.30499667564536
2031-04-09,234.08057012463647
2031-04-10,166.43716947744926
2031-04-11,162.02866959172667
2031-04-12,160.98639884906
2031-04-13,159.89754455721618
2031-04-14,158.7628631664496
2031-04-15,157.67490623751527
2031-04-16,156.68757059230109
2031-04-17,155.72259188062085
2031-04-18,154.75396192359625
2031-04-19,153.83059450387535
2031-04-20,152.97609311721234
2031-04-21,152.48634547910584
2031-04-22,1707.1671559995218
2031-04-23,565.1517735023837
2031-04-24,151.5012386887512
2031-04-25,151.3354750950902
2031-04-26,150.85480387588703
2031-04-27,150.23242064559028
2031-04-28,149.5569529761673
2031-04-29,148.82279653434543
2031-04-30,148.05458184995007
2031-05-01,147.23571517458507
2031-05-02,146.3729022031221
2031-05-03,145.42383416190756
2031-05-04,144.43054576859393
2031-05-05,143.53281358784338
2031-05-06,142.75126000140344
2031-05-07,141.96022325259523
2031-05-08,141.08619492771732
2031-05-09,140.2238258813439
2031-05-10,139.45077490697662
2031-05-11,138.68536003751515
2031-05-12,137.93650402598925
2031-05-13,272.6448491817424
2031-05-14,1229.6746825560729
2031-05-15,1059.3456335464252
2031-05-16,227.93440100872635
2031-05-17,138.37574538125793
2031-05-18,138.453877572279
2031-05-19,138.14989824889602
2031-05-20,137.69111396846034
2031-05-21,137.0987124895883
2031-05-22,136.45846551411947
2031-05-23,135.87055401672478
2031-05-24,135.25450138129227
2031-05-25,134.67426698356556
2031-05-26,134.07749233320487
2031-05-27,133.41318057438988
2031-05-28,132.71537495691348
2031-05-29,133.58638328254742
2031-05-30,131.36051711641562
2031-05-31,165.13009980372334
2031-06-01,130.58213046228735
2031-06-02,129.7960829163615
2031-06-03,129.1210099392863
2031-06-04,128.50244098662944
2031-06-05,127.88202117074631
2031-06-06,127.30577042604033
2031-06-07,126.77529057320598
2031-06-08,126.30213815967666
2031-06-09,155.64728060097028
2031-06-10,125.98392625735384
2031-06-11,125.23075683957684
2031-06-12,124.68457761162428
2031-06-13,124.22525368929382
2031-06-14,123.7851207086838
2031-06-15,123.35550530150248
2031-06-16,122.93049791286305
2031-06-17,122.51782439318583
2031-06-18,122.12275911848536
2031-06-19,121.7370546191867
2031-06-20,121.3586548269328
2031-06-21,120.99169921006995
2031-06-22,120.63088459810857
2031-06-23,120.27639147398746
2031-06-24,119.92290618562475
2031-06-25,119.57859985870743
2031-06-26,119.23948665538576
2031-06-27,118.90522456624171
2031-06-28,118.57480871517365
2031-06-29,118.24754077426668
2031-06-30,117.92247502958304
2031-07-01,117.60003585462496
2031-07-02,117.2821919154902
2031-07-03,116.96742160317136
2031-07-04,116.65482398124036
2031-07-05,116.34360250470168
2031-07-06,116.03356746636044
2031-07-07,115.72520240592056
2031-07-08,115.41750245530984
2031-07-09,115.11052427786346
2031-07-10,114.80466618209908
2031-07-11,114.50133146593464
2031-07-12,114.19999849024744
2031-07-13,113.90000375002523
2031-07-14,113.6014323753141
2031-07-15,113.30443619958916
2031-07-16,113.00873060767594
2031-07-17,112.71360464065856
2031-07-18,112.41938052506768
2031-07-19,112.12640925293582
2031-07-20,111.83463382620248
2031-07-21,111.54530568059056
2031-07-22,111.2577517028391
2031-07-23,110.97149779652295
2031-07-24,110.68621215067556
2031-07-25,110.40168610313825
2031-07-26,110.11799543351782
2031-07-27,109.83545307444751
2031-07-28,109.5542298024064
2031-07-29,109.27442987191948
2031-07-30,108.9959015501495
2031-07-31,108.71843614678836
2031-08-01,108.44195787419083
2031-08-02,108.16647614328228
2031-08-03,107.89197203542793
2031-08-04,107.618426547217
2031-08-05,107.34584917430016
2031-08-06,107.0743347077304
2031-08-07,106.8037787921441
2031-08-08,106.53421937394722
2031-08-09,106.26570396356556
2031-08-10,105.9981186778938
2031-08-11,105.73143492902317
2031-08-12,105.46572879924268
2031-08-13,105.20101915473067
2031-08-14,104.93714468645564
2031-08-15,104.67420038734808
2031-08-16,104.41223360238124
2031-08-17,104.15119682507093
2031-08-18,103.89108060419876
2031-08-19,103.6318850245548
2031-08-20,103.37358152643644
2031-08-21,147.5653539528776
2031-08-22,102.85977412575792
2031-08-23,102.60415644082384
2031-08-24,102.3494119188962
2031-08-25,102.09559736032
2031-08-26,101.84264640448852
2031-08-27,101.59059696133488
2031-08-28,101.33943965637566
2031-08-29,101.08911751573278
2031-08-30,100.83964946604831
2031-08-31,100.5910070608104
2031-09-01,100.3432282341628
2031-09-02,100.09632253018924
2031-09-03,99.85022345913973
2031-09-04,99.60496902793749
2031-09-05,99.36053073335384
2031-09-06,99.11693700193324
2031-09-07,98.87415940319816
2031-09-08,98.63218853028056
2031-09-09,98.39105268849296
2031-09-10,98.1507329955182
2031-09-11,97.9112199033116
2031-09-12,97.67240910499038
2031-09-13,97.43449032785531
2031-09-14,97.19737818376566
2031-09-15,96.96099668328073
2031-09-16,96.72546929003396
2031-09-17,96.49066309327596
2031-09-18,96.25665403787976
2031-09-19,96.02340414539074
2031-09-20,95.79096080124724
2031-09-21,95.55929565155432
2031-09-22,95.32833271108927
2031-09-23,95.0981573680296
2031-09-24,94.86871270492898
2031-09-25,94.64004618798704
2031-09-26,94.41211031877758
2031-09-27,94.1849810422641
2031-09-28,93.95857297033682
2031-09-29,93.73282909675876
2031-09-30,93.50785384141425
2031-10-01,93.2836377853284
2031-10-02,93.06012382950618
2031-10-03,92.83732162699545
2031-10-04,92.61526901910877
2031-10-05,92.39393757142132
2031-10-06,92.173317796414
2031-10-07,91.95335277256648
2031-10-08,91.73415634268524
2031-10-09,91.51565261033583
2031-10-10,91.2978320192658
2031-10-11,91.08066622786468
2031-10-12,90.86425946221452
2031-10-13,90.6485074921732
2031-10-14,90.43351453976835
2031-10-15,423.66620435429655
2031-10-16,90.00546446239011
2031-10-17,114.8909496761984
2031-10-18,1348.4086451991247
2031-10-19,3019.0280819937416
2031-10-20,93.08273013422294
2031-10-21,90.89737113392788
2031-10-22,91.7071285350302
2031-10-23,92.33052302187173
2031-10-24,92.8070455479282
2031-10-25,93.17136719676016
2031-10-26,93.4485742595534
2031-10-27,95.09332314565388
2031-10-28,93.81686520155662
2031-10-29,93.9413728452319
2031-10-30,94.03077323753725
2031-10-31,94.09152493585144
2031-11-01,97.10129920631871
2031-11-02,94.14685976406412
2031-11-03,94.14898228074362
2031-11-04,94.13103660670642
2031-11-05,94.0956309248326
2031-11-06,144.19196276385102
2031-11-07,93.99322030860554
2031-11-08,93.93015966864644
2031-11-09,94.23394071327245
2031-11-10,93.7790760925166
2031-11-11,93.68745859991036
2031-11-12,93.5850767511719
2031-11-13,93.4728130079734
2031-11-14,93.35302911813255
2031-11-15,93.2274796283347
2031-11-16,109.33707524760588
2031-11-17,92.96687807646576
2031-11-18,92.83272606022962
2031-11-19,92.69149835326348
2031-11-20,92.54243647132022
2031-11-21,92.38706789842564
2031-11-22,92.22609476739446
2031-11-23,92.0599914240817
2031-11-24,91.88901390359958
2031-11-25,91.713959053287
2031-11-26,91.53576578342228
2031-11-27,569.832364378659
2031-11-28,1727.0470029748417
2031-11-29,585.5580533041095
2031-11-30,850.4970961554158
2031-12-01,1282.2428145644
2031-12-02,162.76028532058206
2031-12-03,892.7299798834391
2031-12-04,7926.476992656334
2031-12-05,1724.283799952277
2031-12-06,822.2025229375737
2031-12-07,581.7854939837653
2031-12-08,499.8271190964264
2031-12-09,1929.6529568247345
2031-12-10,240.82127901985663
2031-12-11,656.5678051686299
2031-12-12,964.480545354898
2031-12-13,209.70873139629825
2031-12-14,245.3609708115605
2031-12-15,300.9411613445153
2031-12-16,346.4183633799681
2031-12-17,313.0984112414664
2031-12-18,3509.8893216510487
2031-12-19,12565.532815798062
2031-12-20,333.8018833142719
2031-12-21,9761.11005189424
2031-12-22,10624.459642307673
2031-12-23,1151.5243288755903
2031-12-24,3543.0182100460206
2031-12-25,709.8784236197154
2031-12-26,8957.013984497753
2031-12-27,4889.279325119282
2031-12-28,13978.08569652262
2031-12-29,11067.269797266825
2031-12-30,3594.5830508408167
2031-12-31,3629.118443385091
2032-01-01,3580.5639508989652
2032-01-02,3459.6226225210085
2032-01-03,5935.085230848481
2032-01-04,3352.661541185352
2032-01-05,3264.596959858759
2032-01-06,3029.7559053305436
2032-01-07,2782.4826892609294
2032-01-08,2933.8013389418343
2032-01-09,2326.7479157085763
2032-01-10,2132.1325110659864
2032-01-11,1969.0396047694296
2032-01-12,2591.107665486242
2032-01-13,2025.176189748217
2032-01-14,2781.833144016778
2032-01-15,2184.6511431879208
2032-01-16,1849.5621699073695
2032-01-17,1878.8060352697041
2032-01-18,1788.1708924850034
2032-01-19,1894.884972179332
2032-01-20,8297.186868873756
2032-01-21,3355.6328342347506
2032-01-22,3287.6700693151824
2032-01-23,5916.553018779083
2032-01-24,5213.00073579811
2032-01-25,10811.158344929307
2032-01-26,17632.4685681015
2032-01-27,6728.27674252088
2032-01-28,8206.748670004854
2032-01-29,6204.572308461526
2032-01-30,6301.367961015773
2032-01-31,5981.269806940246
2032-02-01,5869.577179653657
2032-02-02,5615.079771452463
2032-02-03,5205.440836093728
2032-02-04,4735.390707464872
2032-02-05,4396.92035889105
2032-02-06,4064.1559485629723
2032-02-07,3743.865692223367
2032-02-08,3394.6943038439763
2032-02-09,3097.461825098848
2032-02-10,3396.731585310567
2032-02-11,2665.871396224447
2032-02-12,2368.0138873232127
2032-02-13,2209.2602293351333
2032-02-14,2053.0467080216063
2032-02-15,1895.9744057964906
2032-02-16,1836.916714119726
2032-02-17,1697.9359988058986
2032-02-18,1504.263276300629
2032-02-19,1397.1889461923492
2032-02-20,1747.0516065040742
2032-02-21,1236.300570570419
2032-02-22,1166.2243743496606
2032-02-23,1096.8880363513167
2032-02-24,1033.2551162948039
2032-02-25,976.931594077695
2032-02-26,924.2299652619687
2032-02-27,875.2825978635816
2032-02-28,852.7303925882288
2032-02-29,801.3497366229648
2032-03-01,753.6486646182451
2032-03-02,722.4537770125348
2032-03-03,688.5990925691838
2032-03-04,658.7453972749647
2032-03-05,636.2617632353563
2032-03-06,622.1372654722256
2032-03-07,606.8885870205524
2032-03-08,1285.225935620446
2032-03-09,580.1382883149748
2032-03-10,564.8574108784574
2032-03-11,700.3220039462316
2032-03-12,524.1784510640831
2032-03-13,511.19022664459357
2032-03-14,498.44071903848214
2032-03-15,495.96532066567613
2032-03-16,872.5573985859969
2032-03-17,558.0327107166497
2032-03-18,2423.6963540199854
2032-03-19,631.8367537039484
2032-03-20,2567.4372987177917
2032-03-21,2184.8428120395756
2032-03-22,2481.21874732686
2032-03-23,1164.338795389774
2032-03-24,1248.3712991419757
2032-03-25,1249.2971667176282
2032-03-26,1226.4317951311277
2032-03-27,1178.892917943603
2032-03-28,1118.7434740283531
2032-03-29,1055.630151114733
2032-03-30,1002.8764431889132
2032-03-31,941.1667314251965
2032-04-01,882.5662278918885
2032-04-02,827.9045088779568
2032-04-03,767.6163973896118
2032-04-04,722.3260902435787
2032-04-05,686.4187953232145
2032-04-06,657.0537870797078
2032-04-07,649.1724570240783
2032-04-08,2453.0186843965403
2032-04-09,632.7808387831167
2032-04-10,615.0622853260418
2032-04-11,587.3474422007276
2032-04-12,557.8556976150956
2032-04-13,502.86098216714333
2032-04-14,494.6040783944062
2032-04-15,538.9157075727943
2032-04-16,484.791089428367
2032-04-17,477.03420866398983
2032-04-18,465.5566797175835
2032-04-19,446.942686888116
2032-04-20,428.3064446655337
2032-04-21,412.4534904616711
2032-04-22,1049.1851210539787
2032-04-23,423.5530192079974
2032-04-24,460.42029145244896
2032-04-25,381.52788642885787
2032-04-26,758.5936715392161
2032-04-27,487.4204994328071
2032-04-28,503.2142595003225
2032-04-29,420.2423522160522
2032-04-30,370.2108691801604
2032-05-01,366.6901242314871
2032-05-02,363.0920587320837
2032-05-03,359.0198662723361
2032-05-04,354.18399122669206
2032-05-05,349.6368673139695
2032-05-06,345.6144768165915
2032-05-07,342.28075518837636
2032-05-08,338.9041538186225
2032-05-09,335.1871972118105
2032-05-10,331.70310626777064
2032-05-11,328.37539734946046
2032-05-12,325.39300830026446
2032-05-13,322.5262120504553
2032-05-14,319.77154416819036
2032-05-15,317.03828983555456
2032-05-16,314.10425554677465
2032-05-17,311.0170737800415
2032-05-18,310.87928820096505
2032-05-19,822.5439243237868
2032-05-20,305.7956065957194
2032-05-21,303.6984499593482
2032-05-22,301.1521224586125
2032-05-23,298.396409707771
2032-05-24,295.63261001157963
2032-05-25,292.84556506032766
2032-05-26,289.9504866072235
2032-05-27,286.7407716643252
2032-05-28,283.5172574278503
2032-05-29,280.4923998592793
2032-05-30,277.5038869050432
2032-05-31,274.4621133360536
2032-06-01,762.3700961032869
2032-06-02,354.5591465553549
2032-06-03,269.9128495528729
2032-06-04,267.43031232974806
2032-06-05,265.16827782126927
2032-06-06,262.92245750908
2032-06-07,260.3229041500181
2032-06-08,257.67709761065515
2032-06-09,254.88310680517574
2032-06-10,252.05593409984272
2032-06-11,249.2210715389442
2032-06-12,246.4846058663804
2032-06-13,247.48738419868633
2032-06-14,242.3265084984573
2032-06-15,240.0445757149498
2032-06-16,297.3690511480291
2032-06-17,238.73537949024606
2032-06-18,234.35137680312798
2032-06-19,231.72607267649596
2032-06-20,229.20388079340378
2032-06-21,226.87750332766214
2032-06-22,224.22717316053087
2032-06-23,221.64452743951628
2032-06-24,218.947484814923
2032-06-25,216.21464892835152
2032-06-26,213.48167912162077
2032-06-27,210.80394346124706
2032-06-28,208.1787649517107
2032-06-29,205.78368563808502
2032-06-30,203.48032526328439
2032-07-01,201.0253269636521
2032-07-02,198.5696987574109
2032-07-03,196.17116884156476
2032-07-04,193.78963994509994
2032-07-05,191.4777790864535
2032-07-06,189.1855500795183
2032-07-07,186.80814989772088
2032-07-08,184.4738018305928
2032-07-09,182.18081839641357
2032-07-10,179.96585742421055
2032-07-11,177.84949375633784
2032-07-12,175.9007474062035
2032-07-13,174.08536547404802
2032-07-14,186.8501386351909
2032-07-15,170.30398499801987
2032-07-16,168.49494912365273
2032-07-17,166.85309132371674
2032-07-18,165.29242235772358
2032-07-19,163.7268181658134
2032-07-20,162.10447224602058
2032-07-21,160.41613106544335
2032-07-22,158.75368335225085
2032-07-23,157.2269332436157
2032-07-24,155.90662429967935
2032-07-25,154.7426303089458
2032-07-26,153.5575734137542
2032-07-27,152.34603835892233
2032-07-28,151.27367285559075
2032-07-29,150.28939926591153
2032-07-30,149.2877878320158
2032-07-31,148.25575486559416
2032-08-01,147.27939839146035
2032-08-02,146.37200834658847
2032-08-03,145.4750107261757
2032-08-04,144.51993802830086
2032-08-05,143.57900082780492
2032-08-06,142.7111152141921
2032-08-07,141.95672203477218
2032-08-08,141.27670902694138
2032-08-09,140.6028953730907
2032-08-10,139.9274691331621
2032-08-11,139.27056033738302
2032-08-12,138.62673390740133
2032-08-13,138.01378332607337
2032-08-14,137.43859812955347
2032-08-15,136.8650840354908
2032-08-16,136.28419652685025
2032-08-17,135.71443309876446
2032-08-18,135.1628014554895
2032-08-19,134.63454865112996
2032-08-20,134.1265975991542
2032-08-21,133.6333326558647
2032-08-22,133.14964875810912
2032-08-23,132.67129209929158
2032-08-24,132.1991119513619
2032-08-25,131.73519099759986
2032-08-26,131.28947892241575
2032-08-27,130.85402076162745
2032-08-28,130.42769740445925
2032-08-29,130.0064849433845
2032-08-30,129.58642187357603
2032-08-31,129.17092524850463
2032-09-01,128.76319278966025
2032-09-02,128.36419203202445
2032-09-03,127.96932932098849
2032-09-04,127.57692609334846
2032-09-05,127.1860705363497
2032-09-06,126.79752174209817
2032-09-07,126.41364074542592
2032-09-08,126.0321699912702
2032-09-09,125.65129861130454
2032-09-10,125.27242989133732
2032-09-11,124.89584852734367
2032-09-12,124.52160254625498
2032-09-13,124.1496256321456
2032-09-14,123.78058115260889
2032-09-15,123.41442199673897
2032-09-16,123.0502468124293
2032-09-17,122.68708809263599
2032-09-18,122.32633194788363
2032-09-19,121.96749468094076
2032-09-20,121.61054677180485
2032-09-21,121.25763196940832
2032-09-22,120.90669154615986
2032-09-23,120.55800973396563
2032-09-24,120.2116152495899
2032-09-25,119.86888358967853
2032-09-26,119.52765178077458
2032-09-27,119.186800014495
2032-09-28,118.846499837673
2032-09-29,118.50522332219474
2032-09-30,201.2320852207921
2032-10-01,126.56790006391938
2032-10-02,117.52111168740979
2032-10-03,117.19364522872232
2032-10-04,116.86808715582193
2032-10-05,116.54519614424197
2032-10-06,116.22328265855363
2032-10-07,115.90196746593838
2032-10-08,115.58182996605635
2032-10-09,115.26149406090347
2032-10-10,121.26651394153551
2032-10-11,120.17641519787827
2032-10-12,114.31973469127675
2032-10-13,114.00706839574411
2032-10-14,113.69567409205007
2032-10-15,413.9960975052767
2032-10-16,589.4532996618615
2032-10-17,113.47894369028614
2032-10-18,132.4816234862495
2032-10-19,114.2539145173951
2032-10-20,111.89348346020209
2032-10-21,111.59603093389447
2032-10-22,111.29911018294398
2032-10-23,111.00321454932057
2032-10-24,110.7086387772731
2032-10-25,110.41516414422584
2032-10-26,110.12243977117603
2032-10-27,110.56921691787844
2032-10-28,109.54339720708938
2032-10-29,109.2554093434566
2032-10-30,108.96836139055641
2032-10-31,108.68240507700774
2032-11-01,108.39732229343151
2032-11-02,108.11335020519829
2032-11-03,107.83028950032292
2032-11-04,107.54835847396023
2032-11-05,107.2678986143863
2032-11-06,106.98914711890747
2032-11-07,106.7118858461044
2032-11-08,106.43594392659612
2032-11-09,106.16055273754989
2032-11-10,105.88606344031629
2032-11-11,105.61244745116521
2032-11-12,105.33990407785781
2032-11-13,105.06825312496281
2032-11-14,104.79773162869053
2032-11-15,104.52850103923521
2032-11-16,104.26038104423624
2032-11-17,103.99331460517354
2032-11-18,103.72712138549544
2032-11-19,103.46158322739548
2032-11-20,103.19706070722656
2032-11-21,102.9335347449982
2032-11-22,102.67120476136606
2032-11-23,102.40981439003362
2032-11-24,102.14951552094166
2032-11-25,101.89026057503276
2032-11-26,101.63182191503365
2032-11-27,101.37422811662216
2032-11-28,101.11774476339
2032-11-29,100.86219159140387
2032-11-30,100.60772047441534
2032-12-01,100.35395171178996
2032-12-02,100.101255427804
2032-12-03,99.84968857235337
2032-12-04,99.5991088881768
2032-12-05,99.34942135822602
2032-12-06,99.1007493614037
2032-12-07,98.85305504833912
2032-12-08,973.6050233460063
2032-12-09,210.7087415003166
2032-12-10,145.82267139457954
2032-12-11,134.90187758344973
2032-12-12,124.55957294301078
2032-12-13,130.4777708642317
2032-12-14,112.22301454427507
2032-12-15,107.27965756479618
2032-12-16,169.50000728385115
2032-12-17,100.66589742965094
2032-12-18,148.53858236065156
2032-12-19,939.9276184499574
2032-12-20,940.0090225508347
2032-12-21,6325.220041657507
2032-12-22,3141.2509197467366
2032-12-23,1980.7846370598502
2032-12-24,4701.216837534426
2032-12-25,5962.412397048647
2032-12-26,4375.034196989204
2032-12-27,227.47266764917953
2032-12-28,239.92743510599317
2032-12-29,260.7940660292488
2032-12-30,259.18902639068904
2032-12-31,332.4590990248858
