year,date
2015,2015-04-30
2016,2016-04-22
2017,2017-05-26
2018,2018-03-14
2019,2019-05-13
2020,2020-05-02
2021,2021-05-31
2022,2022-03-26
2023,2023-05-12
2024,2024-05-25
2025,2025-04-30
2026,2026-05-14
2027,2027-05-31
2028,2028-05-19
2029,2029-05-24
2030,2030-05-13
2031,2031-04-22
2032,2032-04-22
2033,2033-05-13
2034,2034-04-17
2035,2035-04-12
2036,2036-03-12
2037,2037-04-23
2038,2038-03-26
2039,2039-05-13
2040,2040-05-16
2041,2041-05-30
2042,2042-04-21
2043,2043-05-14
2044,2044-05-06
2045,2045-04-19
2046,2046-05-20
2047,2047-03-23
2048,2048-03-06
2049,2049-05-15
2050,2050-05-12
2051,2051-04-01
2052,2052-03-26
2053,2053-05-29
2054,2054-03-07
2055,2055-03-23
2056,2056-04-18
2057,2057-04-05
2058,2058-03-20
2059,2059-03-22
2060,2060-05-31
2061,2061-04-19
2062,2062-05-09
2063,2063-04-27
2064,2064-04-14
2065,2065-04-12
2066,2066-04-23
2067,2067-03-02
2068,2068-03-20
2069,2069-05-29
2070,2070-03-07
2071,2071-05-13
2072,2072-04-12
2073,2073-03-01
2074,2074-03-04
2075,2075-04-08
2076,2076-03-10
2077,2077-05-09
2078,2078-05-05
2079,2079-05-13
2080,2080-05-18
2081,2081-04-23
2082,2082-05-02
2083,2083-05-24
2084,2084-04-26
2085,2085-03-29
2086,2086-05-25
2087,2087-04-18
2088,2088-05-12
2089,2089-04-06
2090,2090-04-20
2091,2091-04-23
2092,2092-04-29
2093,2093-03-31
2094,2094-05-19
2095,2095-04-29
2096,2096-03-14
2097,2097-03-30
2098,2098-04-18
2099,2099-04-21
2100,2100-05-24
