month,,3,4,5,6,7,8,9,sum
exceedance,,50,50,50,50,50,50,50,50
year,month,,,,,,,,
2016,3,224.2790351695089,326.1759976789634,256.16261285133163,296.8776261663779,55.65811722340143,32.21052241245424,12.259018739123796,1203.6229302411614
2016,4,224.2790351695089,326.1759976789634,256.16261285133163,296.8776261663779,55.65811722340143,32.21052241245424,12.259018739123796,1203.6229302411614
2016,5,224.2790351695089,326.1759976789634,256.16261285133163,296.8776261663779,55.65811722340143,32.21052241245424,12.259018739123796,1203.6229302411614
2016,6,224.2790351695089,326.1759976789634,256.16261285133163,296.8776261663779,55.65811722340143,32.21052241245424,12.259018739123796,1203.6229302411614
2016,7,224.2790351695089,326.1759976789634,256.16261285133163,296.8776261663779,55.65811722340143,32.21052241245424,12.259018739123796,1203.6229302411614
2016,8,224.2790351695089,326.1759976789634,256.16261285133163,296.8776261663779,55.65811722340143,32.21052241245424,12.259018739123796,1203.6229302411614
2016,9,224.2790351695089,326.1759976789634,256.16261285133163,296.8776261663779,55.65811722340143,32.21052241245424,12.259018739123796,1203.6229302411614
2017,3,406.69825832783476,333.2511276479028,312.09816044229717,450.1596686480056,335.82040928233306,91.54195103899553,22.676458166153434,1952.2460335535227
2017,4,406.69825832783476,333.2511276479028,312.09816044229717,450.1596686480056,335.82040928233306,91.54195103899553,22.676458166153434,1952.2460335535227
2017,5,406.69825832783476,333.2511276479028,312.09816044229717,450.1596686480056,335.82040928233306,91.54195103899553,22.676458166153434,1952.2460335535227
2017,6,406.69825832783476,333.2511276479028,312.09816044229717,450.1596686480056,335.82040928233306,91.54195103899553,22.676458166153434,1952.2460335535227
2017,7,406.69825832783476,333.2511276479028,312.09816044229717,450.1596686480056,335.82040928233306,91.54195103899553,22.676458166153434,1952.2460335535227
2017,8,406.69825832783476,333.2511276479028,312.09816044229717,450.1596686480056,335.82040928233306,91.54195103899553,22.676458166153434,1952.2460335535227
2017,9,406.69825832783476,333.2511276479028,312.09816044229717,450.1596686480056,335.82040928233306,91.54195103899553,22.676458166153434,1952.2460335535227
2018,3,300.60975223764206,209.9562147608788,158.83240800775226,53.77787209530418,18.306130621896024,17.024756107533197,9.786364197982321,768.2934980289888
2018,4,300.60975223764206,209.9562147608788,158.83240800775226,53.77787209530418,18.306130621896024,17.024756107533197,9.786364197982321,768.2934980289888
2018,5,300.60975223764206,209.9562147608788,158.83240800775226,53.77787209530418,18.306130621896024,17.024756107533197,9.786364197982321,768.2934980289888
2018,6,300.60975223764206,209.9562147608788,158.83240800775226,53.77787209530418,18.306130621896024,17.024756107533197,9.786364197982321,768.2934980289888
2018,7,300.60975223764206,209.9562147608788,158.83240800775226,53.77787209530418,18.306130621896024,17.024756107533197,9.786364197982321,768.2934980289888
2018,8,300.60975223764206,209.9562147608788,158.83240800775226,53.77787209530418,18.306130621896024,17.024756107533197,9.786364197982321,768.2934980289888
2018,9,300.60975223764206,209.9562147608788,158.83240800775226,53.77787209530418,18.306130621896024,17.024756107533197,9.786364197982321,768.2934980289888
2019,3,402.6805561669458,318.1794790779042,411.8438289815074,441.39227116209275,186.40273080657903,33.707741798902056,14.574769884388584,1808.78137787832
2019,4,402.6805561669458,318.1794790779042,411.8438289815074,441.39227116209275,186.40273080657903,33.707741798902056,14.574769884388584,1808.78137787832
2019,5,402.6805561669458,318.1794790779042,411.8438289815074,441.39227116209275,186.40273080657903,33.707741798902056,14.574769884388584,1808.78137787832
2019,6,402.6805561669458,318.1794790779042,411.8438289815074,441.39227116209275,186.40273080657903,33.707741798902056,14.574769884388584,1808.78137787832
2019,7,402.6805561669458,318.1794790779042,411.8438289815074,441.39227116209275,186.40273080657903,33.707741798902056,14.574769884388584,1808.78137787832
2019,8,402.6805561669458,318.1794790779042,411.8438289815074,441.39227116209275,186.40273080657903,33.707741798902056,14.574769884388584,1808.78137787832
2019,9,402.6805561669458,318.1794790779042,411.8438289815074,441.39227116209275,186.40273080657903,33.707741798902056,14.574769884388584,1808.78137787832
2020,3,157.96944443987172,278.40952534524496,247.6413879895885,89.72079567624905,23.215037103607155,13.128746122143212,36.069724738225275,846.1546614149299
2020,4,157.96944443987172,278.40952534524496,247.6413879895885,89.72079567624905,23.215037103607155,13.128746122143212,36.069724738225275,846.1546614149299
2020,5,157.96944443987172,278.40952534524496,247.6413879895885,89.72079567624905,23.215037103607155,13.128746122143212,36.069724738225275,846.1546614149299
2020,6,157.96944443987172,278.40952534524496,247.6413879895885,89.72079567624905,23.215037103607155,13.128746122143212,36.069724738225275,846.1546614149299
2020,7,157.96944443987172,278.40952534524496,247.6413879895885,89.72079567624905,23.215037103607155,13.128746122143212,36.069724738225275,846.1546614149299
2020,8,157.96944443987172,278.40952534524496,247.6413879895885,89.72079567624905,23.215037103607155,13.128746122143212,36.069724738225275,846.1546614149299
2020,9,157.96944443987172,278.40952534524496,247.6413879895885,89.72079567624905,23.215037103607155,13.128746122143212,36.069724738225275,846.1546614149299
2021,3,419.29243262689334,376.6963086212162,549.726037414011,499.44646735729043,204.71360890881232,39.128076753628925,14.925264016037598,2103.92819569789
2021,4,419.29243262689334,376.6963086212162,549.726037414011,499.44646735729043,204.71360890881232,39.128076753628925,14.925264016037598,2103.92819569789
2021,5,419.29243262689334,376.6963086212162,549.726037414011,499.44646735729043,204.71360890881232,39.128076753628925,14.925264016037598,2103.92819569789
2021,6,419.29243262689334,376.6963086212162,549.726037414011,499.44646735729043,204.71360890881232,39.128076753628925,14.925264016037598,2103.92819569789
2021,7,419.29243262689334,376.6963086212162,549.726037414011,499.44646735729043,204.71360890881232,39.128076753628925,14.925264016037598,2103.92819569789
2021,8,419.29243262689334,376.6963086212162,549.726037414011,499.44646735729043,204.71360890881232,39.128076753628925,14.925264016037598,2103.92819569789
2021,9,419.29243262689334,376.6963086212162,549.726037414011,499.44646735729043,204.71360890881232,39.128076753628925,14.925264016037598,2103.92819569789
2022,3,190.91023641861875,158.59534018281323,209.1842164390357,92.93686532880841,26.086020565617755,14.267003218701188,9.836191036048588,701.8158731896438
2022,4,190.91023641861875,158.59534018281323,209.1842164390357,92.93686532880841,26.086020565617755,14.267003218701188,9.836191036048588,701.8158731896438
2022,5,190.91023641861875,158.59534018281323,209.1842164390357,92.93686532880841,26.086020565617755,14.267003218701188,9.836191036048588,701.8158731896438
2022,6,190.91023641861875,158.59534018281323,209.1842164390357,92.93686532880841,26.086020565617755,14.267003218701188,9.836191036048588,701.8158731896438
2022,7,190.91023641861875,158.59534018281323,209.1842164390357,92.93686532880841,26.086020565617755,14.267003218701188,9.836191036048588,701.8158731896438
2022,8,190.91023641861875,158.59534018281323,209.1842164390357,92.93686532880841,26.086020565617755,14.267003218701188,9.836191036048588,701.8158731896438
2022,9,190.91023641861875,158.59534018281323,209.1842164390357,92.93686532880841,26.086020565617755,14.267003218701188,9.836191036048588,701.8158731896438
2023,3,429.3253859465267,399.0310483019235,414.6312007174659,246.96861608840246,69.37082271301524,18.726636714136315,24.532646910135036,1602.5863573916051
2023,4,429.3253859465267,399.0310483019235,414.6312007174659,246.96861608840246,69.37082271301524,18.726636714136315,24.532646910135036,1602.5863573916051
2023,5,429.3253859465267,399.0310483019235,414.6312007174659,246.96861608840246,69.37082271301524,18.726636714136315,24.532646910135036,1602.5863573916051
2023,6,429.3253859465267,399.0310483019235,414.6312007174659,246.96861608840246,69.37082271301524,18.726636714136315,24.532646910135036,1602.5863573916051
2023,7,429.3253859465267,399.0310483019235,414.6312007174659,246.96861608840246,69.37082271301524,18.726636714136315,24.532646910135036,1602.5863573916051
2023,8,429.3253859465267,399.0310483019235,414.6312007174659,246.96861608840246,69.37082271301524,18.726636714136315,24.532646910135036,1602.5863573916051
2023,9,429.3253859465267,399.0310483019235,414.6312007174659,246.96861608840246,69.37082271301524,18.726636714136315,24.532646910135036,1602.5863573916051
2024,3,161.6781515618928,171.8726569624578,188.48190119215616,69.14806215732972,21.912039212283556,21.88999840712617,10.552700624669342,645.5355101179156
2024,4,161.6781515618928,171.8726569624578,188.48190119215616,69.14806215732972,21.912039212283556,21.88999840712617,10.552700624669342,645.5355101179156
2024,5,161.6781515618928,171.8726569624578,188.48190119215616,69.14806215732972,21.912039212283556,21.88999840712617,10.552700624669342,645.5355101179156
2024,6,161.6781515618928,171.8726569624578,188.48190119215616,69.14806215732972,21.912039212283556,21.88999840712617,10.552700624669342,645.5355101179156
2024,7,161.6781515618928,171.8726569624578,188.48190119215616,69.14806215732972,21.912039212283556,21.88999840712617,10.552700624669342,645.5355101179156
2024,8,161.6781515618928,171.8726569624578,188.48190119215616,69.14806215732972,21.912039212283556,21.88999840712617,10.552700624669342,645.5355101179156
2024,9,161.6781515618928,171.8726569624578,188.48190119215616,69.14806215732972,21.912039212283556,21.88999840712617,10.552700624669342,645.5355101179156
2025,3,205.693750399642,270.45420976039827,376.2643445604911,60.6401688018585,18.700389820650443,16.670725257920616,9.673178241981457,958.0967668429424
2025,4,205.693750399642,270.45420976039827,376.2643445604911,60.6401688018585,18.700389820650443,16.670725257920616,9.673178241981457,958.0967668429424
2025,5,205.693750399642,270.45420976039827,376.2643445604911,60.6401688018585,18.700389820650443,16.670725257920616,9.673178241981457,958.0967668429424
2025,6,205.693750399642,270.45420976039827,376.2643445604911,60.6401688018585,18.700389820650443,16.670725257920616,9.673178241981457,958.0967668429424
2025,7,205.693750399642,270.45420976039827,376.2643445604911,60.6401688018585,18.700389820650443,16.670725257920616,9.673178241981457,958.0967668429424
2025,8,205.693750399642,270.45420976039827,376.2643445604911,60.6401688018585,18.700389820650443,16.670725257920616,9.673178241981457,958.0967668429424
2025,9,205.693750399642,270.45420976039827,376.2643445604911,60.6401688018585,18.700389820650443,16.670725257920616,9.673178241981457,958.0967668429424
2026,3,286.5347883143194,278.1994990602072,403.20580418811113,289.2514564131153,131.42387241899678,25.785818400152152,12.575752489184369,1426.9769912840864
2026,4,286.5347883143194,278.1994990602072,403.20580418811113,289.2514564131153,131.42387241899678,25.785818400152152,12.575752489184369,1426.9769912840864
2026,5,286.5347883143194,278.1994990602072,403.20580418811113,289.2514564131153,131.42387241899678,25.785818400152152,12.575752489184369,1426.9769912840864
2026,6,286.5347883143194,278.1994990602072,403.20580418811113,289.2514564131153,131.42387241899678,25.785818400152152,12.575752489184369,1426.9769912840864
2026,7,286.5347883143194,278.1994990602072,403.20580418811113,289.2514564131153,131.42387241899678,25.785818400152152,12.575752489184369,1426.9769912840864
2026,8,286.5347883143194,278.1994990602072,403.20580418811113,289.2514564131153,131.42387241899678,25.785818400152152,12.575752489184369,1426.9769912840864
2026,9,286.5347883143194,278.1994990602072,403.20580418811113,289.2514564131153,131.42387241899678,25.785818400152152,12.575752489184369,1426.9769912840864
2027,3,464.47716094786404,310.7454641715974,456.1135356582782,661.4373853576427,223.58628745591972,40.65080084039916,16.265686050182797,2173.2763204818843
2027,4,464.47716094786404,310.7454641715974,456.1135356582782,661.4373853576427,223.58628745591972,40.65080084039916,16.265686050182797,2173.2763204818843
2027,5,464.47716094786404,310.7454641715974,456.1135356582782,661.4373853576427,223.58628745591972,40.65080084039916,16.265686050182797,2173.2763204818843
2027,6,464.47716094786404,310.7454641715974,456.1135356582782,661.4373853576427,223.58628745591972,40.65080084039916,16.265686050182797,2173.2763204818843
2027,7,464.47716094786404,310.7454641715974,456.1135356582782,661.4373853576427,223.58628745591972,40.65080084039916,16.265686050182797,2173.2763204818843
2027,8,464.47716094786404,310.7454641715974,456.1135356582782,661.4373853576427,223.58628745591972,40.65080084039916,16.265686050182797,2173.2763204818843
2027,9,464.47716094786404,310.7454641715974,456.1135356582782,661.4373853576427,223.58628745591972,40.65080084039916,16.265686050182797,2173.2763204818843
2028,3,258.67385926881883,252.79414861465816,609.0007341566553,467.08362427564435,103.6872220472692,22.813701319772655,12.567707996011247,1726.6209976788298
2028,4,258.67385926881883,252.79414861465816,609.0007341566553,467.08362427564435,103.6872220472692,22.813701319772655,12.567707996011247,1726.6209976788298
2028,5,258.67385926881883,252.79414861465816,609.0007341566553,467.08362427564435,103.6872220472692,22.813701319772655,12.567707996011247,1726.6209976788298
2028,6,258.67385926881883,252.79414861465816,609.0007341566553,467.08362427564435,103.6872220472692,22.813701319772655,12.567707996011247,1726.6209976788298
2028,7,258.67385926881883,252.79414861465816,609.0007341566553,467.08362427564435,103.6872220472692,22.813701319772655,12.567707996011247,1726.6209976788298
2028,8,258.67385926881883,252.79414861465816,609.0007341566553,467.08362427564435,103.6872220472692,22.813701319772655,12.567707996011247,1726.6209976788298
2028,9,258.67385926881883,252.79414861465816,609.0007341566553,467.08362427564435,103.6872220472692,22.813701319772655,12.567707996011247,1726.6209976788298
2029,3,234.480685760065,177.25549574590985,298.0203295324031,124.7426574579758,30.908965789566338,16.5703296984556,71.58915582656714,953.5676198109428
2029,4,234.480685760065,177.25549574590985,298.0203295324031,124.7426574579758,30.908965789566338,16.5703296984556,71.58915582656714,953.5676198109428
2029,5,234.480685760065,177.25549574590985,298.0203295324031,124.7426574579758,30.908965789566338,16.5703296984556,71.58915582656714,953.5676198109428
2029,6,234.480685760065,177.25549574590985,298.0203295324031,124.7426574579758,30.908965789566338,16.5703296984556,71.58915582656714,953.5676198109428
2029,7,234.480685760065,177.25549574590985,298.0203295324031,124.7426574579758,30.908965789566338,16.5703296984556,71.58915582656714,953.5676198109428
2029,8,234.480685760065,177.25549574590985,298.0203295324031,124.7426574579758,30.908965789566338,16.5703296984556,71.58915582656714,953.5676198109428
2029,9,234.480685760065,177.25549574590985,298.0203295324031,124.7426574579758,30.908965789566338,16.5703296984556,71.58915582656714,953.5676198109428
2030,3,325.8579432245958,338.2806553093801,460.51734333957637,377.68197103066916,143.65891403844327,28.508426089838043,71.89789857418381,1746.4031516066864
2030,4,325.8579432245958,338.2806553093801,460.51734333957637,377.68197103066916,143.65891403844327,28.508426089838043,71.89789857418381,1746.4031516066864
2030,5,325.8579432245958,338.2806553093801,460.51734333957637,377.68197103066916,143.65891403844327,28.508426089838043,71.89789857418381,1746.4031516066864
2030,6,325.8579432245958,338.2806553093801,460.51734333957637,377.68197103066916,143.65891403844327,28.508426089838043,71.89789857418381,1746.4031516066864
2030,7,325.8579432245958,338.2806553093801,460.51734333957637,377.68197103066916,143.65891403844327,28.508426089838043,71.89789857418381,1746.4031516066864
2030,8,325.8579432245958,338.2806553093801,460.51734333957637,377.68197103066916,143.65891403844327,28.508426089838043,71.89789857418381,1746.4031516066864
2030,9,325.8579432245958,338.2806553093801,460.51734333957637,377.68197103066916,143.65891403844327,28.508426089838043,71.89789857418381,1746.4031516066864
2031,3,76.16473426423052,68.28390529252766,56.79023368722298,21.33351211994203,13.285863259258743,11.543716816515849,8.606241740125405,256.00820717982316
2031,4,76.16473426423052,68.28390529252766,56.79023368722298,21.33351211994203,13.285863259258743,11.543716816515849,8.606241740125405,256.00820717982316
2031,5,76.16473426423052,68.28390529252766,56.79023368722298,21.33351211994203,13.285863259258743,11.543716816515849,8.606241740125405,256.00820717982316
2031,6,76.16473426423052,68.28390529252766,56.79023368722298,21.33351211994203,13.285863259258743,11.543716816515849,8.606241740125405,256.00820717982316
2031,7,76.16473426423052,68.28390529252766,56.79023368722298,21.33351211994203,13.285863259258743,11.543716816515849,8.606241740125405,256.00820717982316
2031,8,76.16473426423052,68.28390529252766,56.79023368722298,21.33351211994203,13.285863259258743,11.543716816515849,8.606241740125405,256.00820717982316
2031,9,76.16473426423052,68.28390529252766,56.79023368722298,21.33351211994203,13.285863259258743,11.543716816515849,8.606241740125405,256.00820717982316
2032,3,216.90658687061384,390.10349143666093,369.0095847967949,252.39057393477358,166.9362544197035,30.744816491539435,14.851737907878837,1440.9430458579652
2032,4,216.90658687061384,390.10349143666093,369.0095847967949,252.39057393477358,166.9362544197035,30.744816491539435,14.851737907878837,1440.9430458579652
2032,5,216.90658687061384,390.10349143666093,369.0095847967949,252.39057393477358,166.9362544197035,30.744816491539435,14.851737907878837,1440.9430458579652
2032,6,216.90658687061384,390.10349143666093,369.0095847967949,252.39057393477358,166.9362544197035,30.744816491539435,14.851737907878837,1440.9430458579652
2032,7,216.90658687061384,390.10349143666093,369.0095847967949,252.39057393477358,166.9362544197035,30.744816491539435,14.851737907878837,1440.9430458579652
2032,8,216.90658687061384,390.10349143666093,369.0095847967949,252.39057393477358,166.9362544197035,30.744816491539435,14.851737907878837,1440.9430458579652
2032,9,216.90658687061384,390.10349143666093,369.0095847967949,252.39057393477358,166.9362544197035,30.744816491539435,14.851737907878837,1440.9430458579652
2033,3,418.12140217275476,360.86642326434674,599.7788136430589,359.6519913955435,78.04572132137935,18.865936287318576,11.838341156060688,1847.168629240463
2033,4,418.12140217275476,360.86642326434674,599.7788136430589,359.6519913955435,78.04572132137935,18.865936287318576,11.838341156060688,1847.168629240463
2033,5,418.12140217275476,360.86642326434674,599.7788136430589,359.6519913955435,78.04572132137935,18.865936287318576,11.838341156060688,1847.168629240463
2033,6,418.12140217275476,360.86642326434674,599.7788136430589,359.6519913955435,78.04572132137935,18.865936287318576,11.838341156060688,1847.168629240463
2033,7,418.12140217275476,360.86642326434674,599.7788136430589,359.6519913955435,78.04572132137935,18.865936287318576,11.838341156060688,1847.168629240463
2033,8,418.12140217275476,360.86642326434674,599.7788136430589,359.6519913955435,78.04572132137935,18.865936287318576,11.838341156060688,1847.168629240463
2033,9,418.12140217275476,360.86642326434674,599.7788136430589,359.6519913955435,78.04572132137935,18.865936287318576,11.838341156060688,1847.168629240463
2034,3,189.29375223078432,242.1971382611493,120.78269283091433,41.05866301059603,15.538159343990092,16.377665687127987,12.036346108700972,637.2844174732629
2034,4,189.29375223078432,242.1971382611493,120.78269283091433,41.05866301059603,15.538159343990092,16.377665687127987,12.036346108700972,637.2844174732629
2034,5,189.29375223078432,242.1971382611493,120.78269283091433,41.05866301059603,15.538159343990092,16.377665687127987,12.036346108700972,637.2844174732629
2034,6,189.29375223078432,242.1971382611493,120.78269283091433,41.05866301059603,15.538159343990092,16.377665687127987,12.036346108700972,637.2844174732629
2034,7,189.29375223078432,242.1971382611493,120.78269283091433,41.05866301059603,15.538159343990092,16.377665687127987,12.036346108700972,637.2844174732629
2034,8,189.29375223078432,242.1971382611493,120.78269283091433,41.05866301059603,15.538159343990092,16.377665687127987,12.036346108700972,637.2844174732629
2034,9,189.29375223078432,242.1971382611493,120.78269283091433,41.05866301059603,15.538159343990092,16.377665687127987,12.036346108700972,637.2844174732629
2035,3,196.3588303171339,227.71135763740625,119.39056790850921,70.7935267279163,22.43625396114431,36.009731762946416,11.456273638764868,684.1565419538213
2035,4,196.3588303171339,227.71135763740625,119.39056790850921,70.7935267279163,22.43625396114431,36.009731762946416,11.456273638764868,684.1565419538213
2035,5,196.3588303171339,227.71135763740625,119.39056790850921,70.7935267279163,22.43625396114431,36.009731762946416,11.456273638764868,684.1565419538213
2035,6,196.3588303171339,227.71135763740625,119.39056790850921,70.7935267279163,22.43625396114431,36.009731762946416,11.456273638764868,684.1565419538213
2035,7,196.3588303171339,227.71135763740625,119.39056790850921,70.7935267279163,22.43625396114431,36.009731762946416,11.456273638764868,684.1565419538213
2035,8,196.3588303171339,227.71135763740625,119.39056790850921,70.7935267279163,22.43625396114431,36.009731762946416,11.456273638764868,684.1565419538213
2035,9,196.3588303171339,227.71135763740625,119.39056790850921,70.7935267279163,22.43625396114431,36.009731762946416,11.456273638764868,684.1565419538213
2036,3,226.20321630251243,146.66522461933428,95.89388331042156,33.77715042387225,14.521991000940508,24.604085428063378,29.081967217057077,570.7475183022016
2036,4,226.20321630251243,146.66522461933428,95.89388331042156,33.77715042387225,14.521991000940508,24.604085428063378,29.081967217057077,570.7475183022016
2036,5,226.20321630251243,146.66522461933428,95.89388331042156,33.77715042387225,14.521991000940508,24.604085428063378,29.081967217057077,570.7475183022016
2036,6,226.20321630251243,146.66522461933428,95.89388331042156,33.77715042387225,14.521991000940508,24.604085428063378,29.081967217057077,570.7475183022016
2036,7,226.20321630251243,146.66522461933428,95.89388331042156,33.77715042387225,14.521991000940508,24.604085428063378,29.081967217057077,570.7475183022016
2036,8,226.20321630251243,146.66522461933428,95.89388331042156,33.77715042387225,14.521991000940508,24.604085428063378,29.081967217057077,570.7475183022016
2036,9,226.20321630251243,146.66522461933428,95.89388331042156,33.77715042387225,14.521991000940508,24.604085428063378,29.081967217057077,570.7475183022016
2037,3,234.11030585242878,259.4316984763014,154.24786002782398,49.532290412855204,16.720079978080978,15.171215686092346,9.392223750083488,738.6056741836662
2037,4,234.11030585242878,259.4316984763014,154.24786002782398,49.532290412855204,16.720079978080978,15.171215686092346,9.392223750083488,738.6056741836662
2037,5,234.11030585242878,259.4316984763014,154.24786002782398,49.532290412855204,16.720079978080978,15.171215686092346,9.392223750083488,738.6056741836662
2037,6,234.11030585242878,259.4316984763014,154.24786002782398,49.532290412855204,16.720079978080978,15.171215686092346,9.392223750083488,738.6056741836662
2037,7,234.11030585242878,259.4316984763014,154.24786002782398,49.532290412855204,16.720079978080978,15.171215686092346,9.392223750083488,738.6056741836662
2037,8,234.11030585242878,259.4316984763014,154.24786002782398,49.532290412855204,16.720079978080978,15.171215686092346,9.392223750083488,738.6056741836662
2037,9,234.11030585242878,259.4316984763014,154.24786002782398,49.532290412855204,16.720079978080978,15.171215686092346,9.392223750083488,738.6056741836662
2038,3,130.20136031567114,100.26948185760106,44.88950950744422,18.55020187207073,12.379655947624181,11.362147753962955,9.633942793251867,327.28630004762624
2038,4,130.20136031567114,100.26948185760106,44.88950950744422,18.55020187207073,12.379655947624181,11.362147753962955,9.633942793251867,327.28630004762624
2038,5,130.20136031567114,100.26948185760106,44.88950950744422,18.55020187207073,12.379655947624181,11.362147753962955,9.633942793251867,327.28630004762624
2038,6,130.20136031567114,100.26948185760106,44.88950950744422,18.55020187207073,12.379655947624181,11.362147753962955,9.633942793251867,327.28630004762624
2038,7,130.20136031567114,100.26948185760106,44.88950950744422,18.55020187207073,12.379655947624181,11.362147753962955,9.633942793251867,327.28630004762624
2038,8,130.20136031567114,100.26948185760106,44.88950950744422,18.55020187207073,12.379655947624181,11.362147753962955,9.633942793251867,327.28630004762624
2038,9,130.20136031567114,100.26948185760106,44.88950950744422,18.55020187207073,12.379655947624181,11.362147753962955,9.633942793251867,327.28630004762624
2039,3,316.01730785461797,263.04374527718284,351.5879282336071,115.25490973211802,43.43020334859676,15.906842701596966,15.621892019613767,1120.8628291673335
2039,4,316.01730785461797,263.04374527718284,351.5879282336071,115.25490973211802,43.43020334859676,15.906842701596966,15.621892019613767,1120.8628291673335
2039,5,316.01730785461797,263.04374527718284,351.5879282336071,115.25490973211802,43.43020334859676,15.906842701596966,15.621892019613767,1120.8628291673335
2039,6,316.01730785461797,263.04374527718284,351.5879282336071,115.25490973211802,43.43020334859676,15.906842701596966,15.621892019613767,1120.8628291673335
2039,7,316.01730785461797,263.04374527718284,351.5879282336071,115.25490973211802,43.43020334859676,15.906842701596966,15.621892019613767,1120.8628291673335
2039,8,316.01730785461797,263.04374527718284,351.5879282336071,115.25490973211802,43.43020334859676,15.906842701596966,15.621892019613767,1120.8628291673335
2039,9,316.01730785461797,263.04374527718284,351.5879282336071,115.25490973211802,43.43020334859676,15.906842701596966,15.621892019613767,1120.8628291673335
2040,3,229.7091757220394,196.35028424994397,316.84493475467633,153.61103822028883,33.918829146678554,14.877131641459671,11.073817357626053,956.3852110927128
2040,4,229.7091757220394,196.35028424994397,316.84493475467633,153.61103822028883,33.918829146678554,14.877131641459671,11.073817357626053,956.3852110927128
2040,5,229.7091757220394,196.35028424994397,316.84493475467633,153.61103822028883,33.918829146678554,14.877131641459671,11.073817357626053,956.3852110927128
2040,6,229.7091757220394,196.35028424994397,316.84493475467633,153.61103822028883,33.918829146678554,14.877131641459671,11.073817357626053,956.3852110927128
2040,7,229.7091757220394,196.35028424994397,316.84493475467633,153.61103822028883,33.918829146678554,14.877131641459671,11.073817357626053,956.3852110927128
2040,8,229.7091757220394,196.35028424994397,316.84493475467633,153.61103822028883,33.918829146678554,14.877131641459671,11.073817357626053,956.3852110927128
2040,9,229.7091757220394,196.35028424994397,316.84493475467633,153.61103822028883,33.918829146678554,14.877131641459671,11.073817357626053,956.3852110927128
2041,3,440.1957102042295,363.81818414655396,451.332032066893,320.84416344632245,64.52850884867989,16.882434285696085,11.296823772400208,1668.8978567707748
2041,4,440.1957102042295,363.81818414655396,451.332032066893,320.84416344632245,64.52850884867989,16.882434285696085,11.296823772400208,1668.8978567707748
2041,5,440.1957102042295,363.81818414655396,451.332032066893,320.84416344632245,64.52850884867989,16.882434285696085,11.296823772400208,1668.8978567707748
2041,6,440.1957102042295,363.81818414655396,451.332032066893,320.84416344632245,64.52850884867989,16.882434285696085,11.296823772400208,1668.8978567707748
2041,7,440.1957102042295,363.81818414655396,451.332032066893,320.84416344632245,64.52850884867989,16.882434285696085,11.296823772400208,1668.8978567707748
2041,8,440.1957102042295,363.81818414655396,451.332032066893,320.84416344632245,64.52850884867989,16.882434285696085,11.296823772400208,1668.8978567707748
2041,9,440.1957102042295,363.81818414655396,451.332032066893,320.84416344632245,64.52850884867989,16.882434285696085,11.296823772400208,1668.8978567707748
2042,3,331.5141459308238,476.50980034293536,270.59961708730617,95.88750034097086,28.892416831931097,13.622281671613605,10.324248558246744,1227.3500107638276
2042,4,331.5141459308238,476.50980034293536,270.59961708730617,95.88750034097086,28.892416831931097,13.622281671613605,10.324248558246744,1227.3500107638276
2042,5,331.5141459308238,476.50980034293536,270.59961708730617,95.88750034097086,28.892416831931097,13.622281671613605,10.324248558246744,1227.3500107638276
2042,6,331.5141459308238,476.50980034293536,270.59961708730617,95.88750034097086,28.892416831931097,13.622281671613605,10.324248558246744,1227.3500107638276
2042,7,331.5141459308238,476.50980034293536,270.59961708730617,95.88750034097086,28.892416831931097,13.622281671613605,10.324248558246744,1227.3500107638276
2042,8,331.5141459308238,476.50980034293536,270.59961708730617,95.88750034097086,28.892416831931097,13.622281671613605,10.324248558246744,1227.3500107638276
2042,9,331.5141459308238,476.50980034293536,270.59961708730617,95.88750034097086,28.892416831931097,13.622281671613605,10.324248558246744,1227.3500107638276
2043,3,124.70067816460065,123.79407368992344,124.5236422734724,50.74976886953087,16.53295973126709,11.065126873098492,9.937144076944705,461.3033936788377
2043,4,124.70067816460065,123.79407368992344,124.5236422734724,50.74976886953087,16.53295973126709,11.065126873098492,9.937144076944705,461.3033936788377
2043,5,124.70067816460065,123.79407368992344,124.5236422734724,50.74976886953087,16.53295973126709,11.065126873098492,9.937144076944705,461.3033936788377
2043,6,124.70067816460065,123.79407368992344,124.5236422734724,50.74976886953087,16.53295973126709,11.065126873098492,9.937144076944705,461.3033936788377
2043,7,124.70067816460065,123.79407368992344,124.5236422734724,50.74976886953087,16.53295973126709,11.065126873098492,9.937144076944705,461.3033936788377
2043,8,124.70067816460065,123.79407368992344,124.5236422734724,50.74976886953087,16.53295973126709,11.065126873098492,9.937144076944705,461.3033936788377
2043,9,124.70067816460065,123.79407368992344,124.5236422734724,50.74976886953087,16.53295973126709,11.065126873098492,9.937144076944705,461.3033936788377
2044,3,231.3186212908668,258.42417633338056,173.76831789560643,73.60437851887043,21.799682334615916,12.408001202499484,12.608268050469462,783.9314456263091
2044,4,231.3186212908668,258.42417633338056,173.76831789560643,73.60437851887043,21.799682334615916,12.408001202499484,12.608268050469462,783.9314456263091
2044,5,231.3186212908668,258.42417633338056,173.76831789560643,73.60437851887043,21.799682334615916,12.408001202499484,12.608268050469462,783.9314456263091
2044,6,231.3186212908668,258.42417633338056,173.76831789560643,73.60437851887043,21.799682334615916,12.408001202499484,12.608268050469462,783.9314456263091
2044,7,231.3186212908668,258.42417633338056,173.76831789560643,73.60437851887043,21.799682334615916,12.408001202499484,12.608268050469462,783.9314456263091
2044,8,231.3186212908668,258.42417633338056,173.76831789560643,73.60437851887043,21.799682334615916,12.408001202499484,12.608268050469462,783.9314456263091
2044,9,231.3186212908668,258.42417633338056,173.76831789560643,73.60437851887043,21.799682334615916,12.408001202499484,12.608268050469462,783.9314456263091
2045,3,246.11161903458148,308.2770532483201,385.9821573871253,161.5061847165475,39.97535218764891,15.177949895214663,11.083074349098553,1168.1133908185363
2045,4,246.11161903458148,308.2770532483201,385.9821573871253,161.5061847165475,39.97535218764891,15.177949895214663,11.083074349098553,1168.1133908185363
2045,5,246.11161903458148,308.2770532483201,385.9821573871253,161.5061847165475,39.97535218764891,15.177949895214663,11.083074349098553,1168.1133908185363
2045,6,246.11161903458148,308.2770532483201,385.9821573871253,161.5061847165475,39.97535218764891,15.177949895214663,11.083074349098553,1168.1133908185363
2045,7,246.11161903458148,308.2770532483201,385.9821573871253,161.5061847165475,39.97535218764891,15.177949895214663,11.083074349098553,1168.1133908185363
2045,8,246.11161903458148,308.2770532483201,385.9821573871253,161.5061847165475,39.97535218764891,15.177949895214663,11.083074349098553,1168.1133908185363
2045,9,246.11161903458148,308.2770532483201,385.9821573871253,161.5061847165475,39.97535218764891,15.177949895214663,11.083074349098553,1168.1133908185363
2046,3,441.9849863437382,476.38472557257234,551.8598648475561,639.4648661020327,328.7362344639078,51.458077730368224,21.32108304329265,2511.209838103468
2046,4,441.9849863437382,476.38472557257234,551.8598648475561,639.4648661020327,328.7362344639078,51.458077730368224,21.32108304329265,2511.209838103468
2046,5,441.9849863437382,476.38472557257234,551.8598648475561,639.4648661020327,328.7362344639078,51.458077730368224,21.32108304329265,2511.209838103468
2046,6,441.9849863437382,476.38472557257234,551.8598648475561,639.4648661020327,328.7362344639078,51.458077730368224,21.32108304329265,2511.209838103468
2046,7,441.9849863437382,476.38472557257234,551.8598648475561,639.4648661020327,328.7362344639078,51.458077730368224,21.32108304329265,2511.209838103468
2046,8,441.9849863437382,476.38472557257234,551.8598648475561,639.4648661020327,328.7362344639078,51.458077730368224,21.32108304329265,2511.209838103468
2046,9,441.9849863437382,476.38472557257234,551.8598648475561,639.4648661020327,328.7362344639078,51.458077730368224,21.32108304329265,2511.209838103468
2047,3,193.287498799816,211.4165551143203,192.10213708857185,77.15921748831295,22.90892265530182,19.34486640277598,10.076343845472284,726.2955413945712
2047,4,193.287498799816,211.4165551143203,192.10213708857185,77.15921748831295,22.90892265530182,19.34486640277598,10.076343845472284,726.2955413945712
2047,5,193.287498799816,211.4165551143203,192.10213708857185,77.15921748831295,22.90892265530182,19.34486640277598,10.076343845472284,726.2955413945712
2047,6,193.287498799816,211.4165551143203,192.10213708857185,77.15921748831295,22.90892265530182,19.34486640277598,10.076343845472284,726.2955413945712
2047,7,193.287498799816,211.4165551143203,192.10213708857185,77.15921748831295,22.90892265530182,19.34486640277598,10.076343845472284,726.2955413945712
2047,8,193.287498799816,211.4165551143203,192.10213708857185,77.15921748831295,22.90892265530182,19.34486640277598,10.076343845472284,726.2955413945712
2047,9,193.287498799816,211.4165551143203,192.10213708857185,77.15921748831295,22.90892265530182,19.34486640277598,10.076343845472284,726.2955413945712
2048,3,330.5044672460385,141.81591893309766,51.38583607556966,18.303167425942195,14.267100829713817,28.87653329095917,19.610445989442557,604.7634697907636
2048,4,330.5044672460385,141.81591893309766,51.38583607556966,18.303167425942195,14.267100829713817,28.87653329095917,19.610445989442557,604.7634697907636
2048,5,330.5044672460385,141.81591893309766,51.38583607556966,18.303167425942195,14.267100829713817,28.87653329095917,19.610445989442557,604.7634697907636
2048,6,330.5044672460385,141.81591893309766,51.38583607556966,18.303167425942195,14.267100829713817,28.87653329095917,19.610445989442557,604.7634697907636
2048,7,330.5044672460385,141.81591893309766,51.38583607556966,18.303167425942195,14.267100829713817,28.87653329095917,19.610445989442557,604.7634697907636
2048,8,330.5044672460385,141.81591893309766,51.38583607556966,18.303167425942195,14.267100829713817,28.87653329095917,19.610445989442557,604.7634697907636
2048,9,330.5044672460385,141.81591893309766,51.38583607556966,18.303167425942195,14.267100829713817,28.87653329095917,19.610445989442557,604.7634697907636
2049,3,392.2821914030027,273.2766953894034,285.83050699528286,201.0264957698972,60.319390515135,16.71460129097309,11.15959886909886,1240.609480232793
2049,4,392.2821914030027,273.2766953894034,285.83050699528286,201.0264957698972,60.319390515135,16.71460129097309,11.15959886909886,1240.609480232793
2049,5,392.2821914030027,273.2766953894034,285.83050699528286,201.0264957698972,60.319390515135,16.71460129097309,11.15959886909886,1240.609480232793
2049,6,392.2821914030027,273.2766953894034,285.83050699528286,201.0264957698972,60.319390515135,16.71460129097309,11.15959886909886,1240.609480232793
2049,7,392.2821914030027,273.2766953894034,285.83050699528286,201.0264957698972,60.319390515135,16.71460129097309,11.15959886909886,1240.609480232793
2049,8,392.2821914030027,273.2766953894034,285.83050699528286,201.0264957698972,60.319390515135,16.71460129097309,11.15959886909886,1240.609480232793
2049,9,392.2821914030027,273.2766953894034,285.83050699528286,201.0264957698972,60.319390515135,16.71460129097309,11.15959886909886,1240.609480232793
2050,3,230.42726994215909,238.6441573274796,519.3556545920422,253.55570472393873,55.71082775267839,15.957569394960661,10.93692883238178,1324.5881125656404
2050,4,230.42726994215909,238.6441573274796,519.3556545920422,253.55570472393873,55.71082775267839,15.957569394960661,10.93692883238178,1324.5881125656404
2050,5,230.42726994215909,238.6441573274796,519.3556545920422,253.55570472393873,55.71082775267839,15.957569394960661,10.93692883238178,1324.5881125656404
2050,6,230.42726994215909,238.6441573274796,519.3556545920422,253.55570472393873,55.71082775267839,15.957569394960661,10.93692883238178,1324.5881125656404
2050,7,230.42726994215909,238.6441573274796,519.3556545920422,253.55570472393873,55.71082775267839,15.957569394960661,10.93692883238178,1324.5881125656404
2050,8,230.42726994215909,238.6441573274796,519.3556545920422,253.55570472393873,55.71082775267839,15.957569394960661,10.93692883238178,1324.5881125656404
2050,9,230.42726994215909,238.6441573274796,519.3556545920422,253.55570472393873,55.71082775267839,15.957569394960661,10.93692883238178,1324.5881125656404
2051,3,242.3927713610759,291.37207018733125,235.32052288919772,118.1150975412502,25.276191960848443,13.256169181712696,51.380219777674114,977.1130428990904
2051,4,242.3927713610759,291.37207018733125,235.32052288919772,118.1150975412502,25.276191960848443,13.256169181712696,51.380219777674114,977.1130428990904
2051,5,242.3927713610759,291.37207018733125,235.32052288919772,118.1150975412502,25.276191960848443,13.256169181712696,51.380219777674114,977.1130428990904
2051,6,242.3927713610759,291.37207018733125,235.32052288919772,118.1150975412502,25.276191960848443,13.256169181712696,51.380219777674114,977.1130428990904
2051,7,242.3927713610759,291.37207018733125,235.32052288919772,118.1150975412502,25.276191960848443,13.256169181712696,51.380219777674114,977.1130428990904
2051,8,242.3927713610759,291.37207018733125,235.32052288919772,118.1150975412502,25.276191960848443,13.256169181712696,51.380219777674114,977.1130428990904
2051,9,242.3927713610759,291.37207018733125,235.32052288919772,118.1150975412502,25.276191960848443,13.256169181712696,51.380219777674114,977.1130428990904
2052,3,347.0614717777338,339.90720338923086,229.05710586397436,166.91737864277303,44.672987191733164,15.963728833849904,11.524146974237448,1155.1040226735327
2052,4,347.0614717777338,339.90720338923086,229.05710586397436,166.91737864277303,44.672987191733164,15.963728833849904,11.524146974237448,1155.1040226735327
2052,5,347.0614717777338,339.90720338923086,229.05710586397436,166.91737864277303,44.672987191733164,15.963728833849904,11.524146974237448,1155.1040226735327
2052,6,347.0614717777338,339.90720338923086,229.05710586397436,166.91737864277303,44.672987191733164,15.963728833849904,11.524146974237448,1155.1040226735327
2052,7,347.0614717777338,339.90720338923086,229.05710586397436,166.91737864277303,44.672987191733164,15.963728833849904,11.524146974237448,1155.1040226735327
2052,8,347.0614717777338,339.90720338923086,229.05710586397436,166.91737864277303,44.672987191733164,15.963728833849904,11.524146974237448,1155.1040226735327
2052,9,347.0614717777338,339.90720338923086,229.05710586397436,166.91737864277303,44.672987191733164,15.963728833849904,11.524146974237448,1155.1040226735327
2053,3,254.53661277936752,304.1169328821378,319.39596309563944,270.6877757942999,67.46433824080805,16.63678543603475,11.285979557785764,1244.1243877860732
2053,4,254.53661277936752,304.1169328821378,319.39596309563944,270.6877757942999,67.46433824080805,16.63678543603475,11.285979557785764,1244.1243877860732
2053,5,254.53661277936752,304.1169328821378,319.39596309563944,270.6877757942999,67.46433824080805,16.63678543603475,11.285979557785764,1244.1243877860732
2053,6,254.53661277936752,304.1169328821378,319.39596309563944,270.6877757942999,67.46433824080805,16.63678543603475,11.285979557785764,1244.1243877860732
2053,7,254.53661277936752,304.1169328821378,319.39596309563944,270.6877757942999,67.46433824080805,16.63678543603475,11.285979557785764,1244.1243877860732
2053,8,254.53661277936752,304.1169328821378,319.39596309563944,270.6877757942999,67.46433824080805,16.63678543603475,11.285979557785764,1244.1243877860732
2053,9,254.53661277936752,304.1169328821378,319.39596309563944,270.6877757942999,67.46433824080805,16.63678543603475,11.285979557785764,1244.1243877860732
2054,3,164.8296157836497,92.69200397114324,51.22954469367324,22.61184905997323,13.320098702853633,12.664068261954167,21.701856193967373,379.0490366672146
2054,4,164.8296157836497,92.69200397114324,51.22954469367324,22.61184905997323,13.320098702853633,12.664068261954167,21.701856193967373,379.0490366672146
2054,5,164.8296157836497,92.69200397114324,51.22954469367324,22.61184905997323,13.320098702853633,12.664068261954167,21.701856193967373,379.0490366672146
2054,6,164.8296157836497,92.69200397114324,51.22954469367324,22.61184905997323,13.320098702853633,12.664068261954167,21.701856193967373,379.0490366672146
2054,7,164.8296157836497,92.69200397114324,51.22954469367324,22.61184905997323,13.320098702853633,12.664068261954167,21.701856193967373,379.0490366672146
2054,8,164.8296157836497,92.69200397114324,51.22954469367324,22.61184905997323,13.320098702853633,12.664068261954167,21.701856193967373,379.0490366672146
2054,9,164.8296157836497,92.69200397114324,51.22954469367324,22.61184905997323,13.320098702853633,12.664068261954167,21.701856193967373,379.0490366672146
2055,3,242.05636382538594,147.50822725517264,49.53592352469138,19.716339672210182,12.73906602335301,13.182160442110801,11.309868520912254,496.0479492638362
2055,4,242.05636382538594,147.50822725517264,49.53592352469138,19.716339672210182,12.73906602335301,13.182160442110801,11.309868520912254,496.0479492638362
2055,5,242.05636382538594,147.50822725517264,49.53592352469138,19.716339672210182,12.73906602335301,13.182160442110801,11.309868520912254,496.0479492638362
2055,6,242.05636382538594,147.50822725517264,49.53592352469138,19.716339672210182,12.73906602335301,13.182160442110801,11.309868520912254,496.0479492638362
2055,7,242.05636382538594,147.50822725517264,49.53592352469138,19.716339672210182,12.73906602335301,13.182160442110801,11.309868520912254,496.0479492638362
2055,8,242.05636382538594,147.50822725517264,49.53592352469138,19.716339672210182,12.73906602335301,13.182160442110801,11.309868520912254,496.0479492638362
2055,9,242.05636382538594,147.50822725517264,49.53592352469138,19.716339672210182,12.73906602335301,13.182160442110801,11.309868520912254,496.0479492638362
2056,3,106.57058022339578,253.735910500477,154.45878923540766,62.82805656732664,20.05739372742057,13.780497531601185,10.84569739614274,622.2769251817716
2056,4,106.57058022339578,253.735910500477,154.45878923540766,62.82805656732664,20.05739372742057,13.780497531601185,10.84569739614274,622.2769251817716
2056,5,106.57058022339578,253.735910500477,154.45878923540766,62.82805656732664,20.05739372742057,13.780497531601185,10.84569739614274,622.2769251817716
2056,6,106.57058022339578,253.735910500477,154.45878923540766,62.82805656732664,20.05739372742057,13.780497531601185,10.84569739614274,622.2769251817716
2056,7,106.57058022339578,253.735910500477,154.45878923540766,62.82805656732664,20.05739372742057,13.780497531601185,10.84569739614274,622.2769251817716
2056,8,106.57058022339578,253.735910500477,154.45878923540766,62.82805656732664,20.05739372742057,13.780497531601185,10.84569739614274,622.2769251817716
2056,9,106.57058022339578,253.735910500477,154.45878923540766,62.82805656732664,20.05739372742057,13.780497531601185,10.84569739614274,622.2769251817716
2057,3,124.03976305662322,159.79201485955272,100.54788794183398,45.92134315676212,39.78031332596692,15.031414603641759,10.323699634625056,495.4364365790058
2057,4,124.03976305662322,159.79201485955272,100.54788794183398,45.92134315676212,39.78031332596692,15.031414603641759,10.323699634625056,495.4364365790058
2057,5,124.03976305662322,159.79201485955272,100.54788794183398,45.92134315676212,39.78031332596692,15.031414603641759,10.323699634625056,495.4364365790058
2057,6,124.03976305662322,159.79201485955272,100.54788794183398,45.92134315676212,39.78031332596692,15.031414603641759,10.323699634625056,495.4364365790058
2057,7,124.03976305662322,159.79201485955272,100.54788794183398,45.92134315676212,39.78031332596692,15.031414603641759,10.323699634625056,495.4364365790058
2057,8,124.03976305662322,159.79201485955272,100.54788794183398,45.92134315676212,39.78031332596692,15.031414603641759,10.323699634625056,495.4364365790058
2057,9,124.03976305662322,159.79201485955272,100.54788794183398,45.92134315676212,39.78031332596692,15.031414603641759,10.323699634625056,495.4364365790058
2058,3,512.0950239923743,284.04702384349554,238.32861848150662,89.17776760862981,26.22895928440974,12.76201527596962,10.788310887893784,1173.4277193742796
2058,4,512.0950239923743,284.04702384349554,238.32861848150662,89.17776760862981,26.22895928440974,12.76201527596962,10.788310887893784,1173.4277193742796
2058,5,512.0950239923743,284.04702384349554,238.32861848150662,89.17776760862981,26.22895928440974,12.76201527596962,10.788310887893784,1173.4277193742796
2058,6,512.0950239923743,284.04702384349554,238.32861848150662,89.17776760862981,26.22895928440974,12.76201527596962,10.788310887893784,1173.4277193742796
2058,7,512.0950239923743,284.04702384349554,238.32861848150662,89.17776760862981,26.22895928440974,12.76201527596962,10.788310887893784,1173.4277193742796
2058,8,512.0950239923743,284.04702384349554,238.32861848150662,89.17776760862981,26.22895928440974,12.76201527596962,10.788310887893784,1173.4277193742796
2058,9,512.0950239923743,284.04702384349554,238.32861848150662,89.17776760862981,26.22895928440974,12.76201527596962,10.788310887893784,1173.4277193742796
2059,3,256.2667569685808,213.82620556912119,166.2228199645409,69.63186018865696,21.708762042249326,14.263063963835108,10.005084620248832,751.924553317233
2059,4,256.2667569685808,213.82620556912119,166.2228199645409,69.63186018865696,21.708762042249326,14.263063963835108,10.005084620248832,751.924553317233
2059,5,256.2667569685808,213.82620556912119,166.2228199645409,69.63186018865696,21.708762042249326,14.263063963835108,10.005084620248832,751.924553317233
2059,6,256.2667569685808,213.82620556912119,166.2228199645409,69.63186018865696,21.708762042249326,14.263063963835108,10.005084620248832,751.924553317233
2059,7,256.2667569685808,213.82620556912119,166.2228199645409,69.63186018865696,21.708762042249326,14.263063963835108,10.005084620248832,751.924553317233
2059,8,256.2667569685808,213.82620556912119,166.2228199645409,69.63186018865696,21.708762042249326,14.263063963835108,10.005084620248832,751.924553317233
2059,9,256.2667569685808,213.82620556912119,166.2228199645409,69.63186018865696,21.708762042249326,14.263063963835108,10.005084620248832,751.924553317233
2060,3,237.27622132541234,249.41391040594468,185.91459230788436,93.19802134804551,25.931310736421274,12.832237846167123,10.466623831370022,815.0329178012454
2060,4,237.27622132541234,249.41391040594468,185.91459230788436,93.19802134804551,25.931310736421274,12.832237846167123,10.466623831370022,815.0329178012454
2060,5,237.27622132541234,249.41391040594468,185.91459230788436,93.19802134804551,25.931310736421274,12.832237846167123,10.466623831370022,815.0329178012454
2060,6,237.27622132541234,249.41391040594468,185.91459230788436,93.19802134804551,25.931310736421274,12.832237846167123,10.466623831370022,815.0329178012454
2060,7,237.27622132541234,249.41391040594468,185.91459230788436,93.19802134804551,25.931310736421274,12.832237846167123,10.466623831370022,815.0329178012454
2060,8,237.27622132541234,249.41391040594468,185.91459230788436,93.19802134804551,25.931310736421274,12.832237846167123,10.466623831370022,815.0329178012454
2060,9,237.27622132541234,249.41391040594468,185.91459230788436,93.19802134804551,25.931310736421274,12.832237846167123,10.466623831370022,815.0329178012454
2061,3,355.4142210065583,300.31386452193794,384.3943835988179,435.98860663491376,111.28973613536238,21.685994039098063,12.775714469635211,1621.8625204063235
2061,4,355.4142210065583,300.31386452193794,384.3943835988179,435.98860663491376,111.28973613536238,21.685994039098063,12.775714469635211,1621.8625204063235
2061,5,355.4142210065583,300.31386452193794,384.3943835988179,435.98860663491376,111.28973613536238,21.685994039098063,12.775714469635211,1621.8625204063235
2061,6,355.4142210065583,300.31386452193794,384.3943835988179,435.98860663491376,111.28973613536238,21.685994039098063,12.775714469635211,1621.8625204063235
2061,7,355.4142210065583,300.31386452193794,384.3943835988179,435.98860663491376,111.28973613536238,21.685994039098063,12.775714469635211,1621.8625204063235
2061,8,355.4142210065583,300.31386452193794,384.3943835988179,435.98860663491376,111.28973613536238,21.685994039098063,12.775714469635211,1621.8625204063235
2061,9,355.4142210065583,300.31386452193794,384.3943835988179,435.98860663491376,111.28973613536238,21.685994039098063,12.775714469635211,1621.8625204063235
2062,3,382.62291263289933,283.4554873601993,340.77800563773224,237.23523336462176,49.97966921169343,15.497471982281017,11.36695728349885,1320.935737472926
2062,4,382.62291263289933,283.4554873601993,340.77800563773224,237.23523336462176,49.97966921169343,15.497471982281017,11.36695728349885,1320.935737472926
2062,5,382.62291263289933,283.4554873601993,340.77800563773224,237.23523336462176,49.97966921169343,15.497471982281017,11.36695728349885,1320.935737472926
2062,6,382.62291263289933,283.4554873601993,340.77800563773224,237.23523336462176,49.97966921169343,15.497471982281017,11.36695728349885,1320.935737472926
2062,7,382.62291263289933,283.4554873601993,340.77800563773224,237.23523336462176,49.97966921169343,15.497471982281017,11.36695728349885,1320.935737472926
2062,8,382.62291263289933,283.4554873601993,340.77800563773224,237.23523336462176,49.97966921169343,15.497471982281017,11.36695728349885,1320.935737472926
2062,9,382.62291263289933,283.4554873601993,340.77800563773224,237.23523336462176,49.97966921169343,15.497471982281017,11.36695728349885,1320.935737472926
2063,3,218.92985751658338,223.93342120162546,157.41434734375156,36.63735379019018,21.686573291027305,16.609557885752317,162.85037488936428,838.0614859182946
2063,4,218.92985751658338,223.93342120162546,157.41434734375156,36.63735379019018,21.686573291027305,16.609557885752317,162.85037488936428,838.0614859182946
2063,5,218.92985751658338,223.93342120162546,157.41434734375156,36.63735379019018,21.686573291027305,16.609557885752317,162.85037488936428,838.0614859182946
2063,6,218.92985751658338,223.93342120162546,157.41434734375156,36.63735379019018,21.686573291027305,16.609557885752317,162.85037488936428,838.0614859182946
2063,7,218.92985751658338,223.93342120162546,157.41434734375156,36.63735379019018,21.686573291027305,16.609557885752317,162.85037488936428,838.0614859182946
2063,8,218.92985751658338,223.93342120162546,157.41434734375156,36.63735379019018,21.686573291027305,16.609557885752317,162.85037488936428,838.0614859182946
2063,9,218.92985751658338,223.93342120162546,157.41434734375156,36.63735379019018,21.686573291027305,16.609557885752317,162.85037488936428,838.0614859182946
2064,3,569.0075250228261,381.23302622991366,503.1971775083139,297.0222208225201,82.909046220128,19.605532585680656,21.793439984338058,1874.7679683737204
2064,4,569.0075250228261,381.23302622991366,503.1971775083139,297.0222208225201,82.909046220128,19.605532585680656,21.793439984338058,1874.7679683737204
2064,5,569.0075250228261,381.23302622991366,503.1971775083139,297.0222208225201,82.909046220128,19.605532585680656,21.793439984338058,1874.7679683737204
2064,6,569.0075250228261,381.23302622991366,503.1971775083139,297.0222208225201,82.909046220128,19.605532585680656,21.793439984338058,1874.7679683737204
2064,7,569.0075250228261,381.23302622991366,503.1971775083139,297.0222208225201,82.909046220128,19.605532585680656,21.793439984338058,1874.7679683737204
2064,8,569.0075250228261,381.23302622991366,503.1971775083139,297.0222208225201,82.909046220128,19.605532585680656,21.793439984338058,1874.7679683737204
2064,9,569.0075250228261,381.23302622991366,503.1971775083139,297.0222208225201,82.909046220128,19.605532585680656,21.793439984338058,1874.7679683737204
2065,3,356.4089909746325,365.66234732906935,388.41094048514174,254.97047997319495,116.20393854019844,22.57012772405778,12.489548725556565,1516.716373751851
2065,4,356.4089909746325,365.66234732906935,388.41094048514174,254.97047997319495,116.20393854019844,22.57012772405778,12.489548725556565,1516.716373751851
2065,5,356.4089909746325,365.66234732906935,388.41094048514174,254.97047997319495,116.20393854019844,22.57012772405778,12.489548725556565,1516.716373751851
2065,6,356.4089909746325,365.66234732906935,388.41094048514174,254.97047997319495,116.20393854019844,22.57012772405778,12.489548725556565,1516.716373751851
2065,7,356.4089909746325,365.66234732906935,388.41094048514174,254.97047997319495,116.20393854019844,22.57012772405778,12.489548725556565,1516.716373751851
2065,8,356.4089909746325,365.66234732906935,388.41094048514174,254.97047997319495,116.20393854019844,22.57012772405778,12.489548725556565,1516.716373751851
2065,9,356.4089909746325,365.66234732906935,388.41094048514174,254.97047997319495,116.20393854019844,22.57012772405778,12.489548725556565,1516.716373751851
2066,3,41.887166435185925,79.57465862004581,28.381239707839008,14.756674441235145,14.33476347922046,10.439450450644381,132.2195165803676,321.59346971453834
2066,4,41.887166435185925,79.57465862004581,28.381239707839008,14.756674441235145,14.33476347922046,10.439450450644381,132.2195165803676,321.59346971453834
2066,5,41.887166435185925,79.57465862004581,28.381239707839008,14.756674441235145,14.33476347922046,10.439450450644381,132.2195165803676,321.59346971453834
2066,6,41.887166435185925,79.57465862004581,28.381239707839008,14.756674441235145,14.33476347922046,10.439450450644381,132.2195165803676,321.59346971453834
2066,7,41.887166435185925,79.57465862004581,28.381239707839008,14.756674441235145,14.33476347922046,10.439450450644381,132.2195165803676,321.59346971453834
2066,8,41.887166435185925,79.57465862004581,28.381239707839008,14.756674441235145,14.33476347922046,10.439450450644381,132.2195165803676,321.59346971453834
2066,9,41.887166435185925,79.57465862004581,28.381239707839008,14.756674441235145,14.33476347922046,10.439450450644381,132.2195165803676,321.59346971453834
2067,3,150.92159768391582,73.59876960656814,39.253525972735666,17.091092977095975,12.070723350013994,9.874594411684255,8.644728924499129,311.455032926513
2067,4,150.92159768391582,73.59876960656814,39.253525972735666,17.091092977095975,12.070723350013994,9.874594411684255,8.644728924499129,311.455032926513
2067,5,150.92159768391582,73.59876960656814,39.253525972735666,17.091092977095975,12.070723350013994,9.874594411684255,8.644728924499129,311.455032926513
2067,6,150.92159768391582,73.59876960656814,39.253525972735666,17.091092977095975,12.070723350013994,9.874594411684255,8.644728924499129,311.455032926513
2067,7,150.92159768391582,73.59876960656814,39.253525972735666,17.091092977095975,12.070723350013994,9.874594411684255,8.644728924499129,311.455032926513
2067,8,150.92159768391582,73.59876960656814,39.253525972735666,17.091092977095975,12.070723350013994,9.874594411684255,8.644728924499129,311.455032926513
2067,9,150.92159768391582,73.59876960656814,39.253525972735666,17.091092977095975,12.070723350013994,9.874594411684255,8.644728924499129,311.455032926513
2068,3,363.56517731982706,284.63046946812557,135.71063844878904,65.6323301560051,51.830471571434366,16.624195126466034,46.22211803445405,964.2154001251013
2068,4,363.56517731982706,284.63046946812557,135.71063844878904,65.6323301560051,51.830471571434366,16.624195126466034,46.22211803445405,964.2154001251013
2068,5,363.56517731982706,284.63046946812557,135.71063844878904,65.6323301560051,51.830471571434366,16.624195126466034,46.22211803445405,964.2154001251013
2068,6,363.56517731982706,284.63046946812557,135.71063844878904,65.6323301560051,51.830471571434366,16.624195126466034,46.22211803445405,964.2154001251013
2068,7,363.56517731982706,284.63046946812557,135.71063844878904,65.6323301560051,51.830471571434366,16.624195126466034,46.22211803445405,964.2154001251013
2068,8,363.56517731982706,284.63046946812557,135.71063844878904,65.6323301560051,51.830471571434366,16.624195126466034,46.22211803445405,964.2154001251013
2068,9,363.56517731982706,284.63046946812557,135.71063844878904,65.6323301560051,51.830471571434366,16.624195126466034,46.22211803445405,964.2154001251013
2069,3,539.1892479044933,341.1439050040816,618.77358027937,518.0034221924245,99.4089491543471,20.34794278325271,14.197037811021957,2151.064085128991
2069,4,539.1892479044933,341.1439050040816,618.77358027937,518.0034221924245,99.4089491543471,20.34794278325271,14.197037811021957,2151.064085128991
2069,5,539.1892479044933,341.1439050040816,618.77358027937,518.0034221924245,99.4089491543471,20.34794278325271,14.197037811021957,2151.064085128991
2069,6,539.1892479044933,341.1439050040816,618.77358027937,518.0034221924245,99.4089491543471,20.34794278325271,14.197037811021957,2151.064085128991
2069,7,539.1892479044933,341.1439050040816,618.77358027937,518.0034221924245,99.4089491543471,20.34794278325271,14.197037811021957,2151.064085128991
2069,8,539.1892479044933,341.1439050040816,618.77358027937,518.0034221924245,99.4089491543471,20.34794278325271,14.197037811021957,2151.064085128991
2069,9,539.1892479044933,341.1439050040816,618.77358027937,518.0034221924245,99.4089491543471,20.34794278325271,14.197037811021957,2151.064085128991
2070,3,778.7183004418587,298.5617420680791,407.86661149638513,172.72228331182689,48.51124911733613,16.21773972526878,17.454578931440125,1740.052505092195
2070,4,778.7183004418587,298.5617420680791,407.86661149638513,172.72228331182689,48.51124911733613,16.21773972526878,17.454578931440125,1740.052505092195
2070,5,778.7183004418587,298.5617420680791,407.86661149638513,172.72228331182689,48.51124911733613,16.21773972526878,17.454578931440125,1740.052505092195
2070,6,778.7183004418587,298.5617420680791,407.86661149638513,172.72228331182689,48.51124911733613,16.21773972526878,17.454578931440125,1740.052505092195
2070,7,778.7183004418587,298.5617420680791,407.86661149638513,172.72228331182689,48.51124911733613,16.21773972526878,17.454578931440125,1740.052505092195
2070,8,778.7183004418587,298.5617420680791,407.86661149638513,172.72228331182689,48.51124911733613,16.21773972526878,17.454578931440125,1740.052505092195
2070,9,778.7183004418587,298.5617420680791,407.86661149638513,172.72228331182689,48.51124911733613,16.21773972526878,17.454578931440125,1740.052505092195
2071,3,566.1443924211759,403.4193356329084,572.5803922232985,234.20920004161562,51.515965505740084,27.883539664139757,11.879656191368037,1867.6324816802462
2071,4,566.1443924211759,403.4193356329084,572.5803922232985,234.20920004161562,51.515965505740084,27.883539664139757,11.879656191368037,1867.6324816802462
2071,5,566.1443924211759,403.4193356329084,572.5803922232985,234.20920004161562,51.515965505740084,27.883539664139757,11.879656191368037,1867.6324816802462
2071,6,566.1443924211759,403.4193356329084,572.5803922232985,234.20920004161562,51.515965505740084,27.883539664139757,11.879656191368037,1867.6324816802462
2071,7,566.1443924211759,403.4193356329084,572.5803922232985,234.20920004161562,51.515965505740084,27.883539664139757,11.879656191368037,1867.6324816802462
2071,8,566.1443924211759,403.4193356329084,572.5803922232985,234.20920004161562,51.515965505740084,27.883539664139757,11.879656191368037,1867.6324816802462
2071,9,566.1443924211759,403.4193356329084,572.5803922232985,234.20920004161562,51.515965505740084,27.883539664139757,11.879656191368037,1867.6324816802462
2072,3,137.89720085602045,209.98739678903232,96.04907779241485,30.119951783056752,18.25206118674438,11.853540054819174,18.855015698279935,523.0142441603678
2072,4,137.89720085602045,209.98739678903232,96.04907779241485,30.119951783056752,18.25206118674438,11.853540054819174,18.855015698279935,523.0142441603678
2072,5,137.89720085602045,209.98739678903232,96.04907779241485,30.119951783056752,18.25206118674438,11.853540054819174,18.855015698279935,523.0142441603678
2072,6,137.89720085602045,209.98739678903232,96.04907779241485,30.119951783056752,18.25206118674438,11.853540054819174,18.855015698279935,523.0142441603678
2072,7,137.89720085602045,209.98739678903232,96.04907779241485,30.119951783056752,18.25206118674438,11.853540054819174,18.855015698279935,523.0142441603678
2072,8,137.89720085602045,209.98739678903232,96.04907779241485,30.119951783056752,18.25206118674438,11.853540054819174,18.855015698279935,523.0142441603678
2072,9,137.89720085602045,209.98739678903232,96.04907779241485,30.119951783056752,18.25206118674438,11.853540054819174,18.855015698279935,523.0142441603678
2073,3,385.23202685220167,274.28791238683016,292.5875195019604,116.0103618075671,30.555720912278833,13.629328158960583,14.379034239518258,1126.681903859317
2073,4,385.23202685220167,274.28791238683016,292.5875195019604,116.0103618075671,30.555720912278833,13.629328158960583,14.379034239518258,1126.681903859317
2073,5,385.23202685220167,274.28791238683016,292.5875195019604,116.0103618075671,30.555720912278833,13.629328158960583,14.379034239518258,1126.681903859317
2073,6,385.23202685220167,274.28791238683016,292.5875195019604,116.0103618075671,30.555720912278833,13.629328158960583,14.379034239518258,1126.681903859317
2073,7,385.23202685220167,274.28791238683016,292.5875195019604,116.0103618075671,30.555720912278833,13.629328158960583,14.379034239518258,1126.681903859317
2073,8,385.23202685220167,274.28791238683016,292.5875195019604,116.0103618075671,30.555720912278833,13.629328158960583,14.379034239518258,1126.681903859317
2073,9,385.23202685220167,274.28791238683016,292.5875195019604,116.0103618075671,30.555720912278833,13.629328158960583,14.379034239518258,1126.681903859317
2074,3,592.794175695432,376.10528537829657,351.210481595807,153.71919339024797,31.163167930057256,14.050090750235173,11.258471078772779,1530.3008658188485
2074,4,592.794175695432,376.10528537829657,351.210481595807,153.71919339024797,31.163167930057256,14.050090750235173,11.258471078772779,1530.3008658188485
2074,5,592.794175695432,376.10528537829657,351.210481595807,153.71919339024797,31.163167930057256,14.050090750235173,11.258471078772779,1530.3008658188485
2074,6,592.794175695432,376.10528537829657,351.210481595807,153.71919339024797,31.163167930057256,14.050090750235173,11.258471078772779,1530.3008658188485
2074,7,592.794175695432,376.10528537829657,351.210481595807,153.71919339024797,31.163167930057256,14.050090750235173,11.258471078772779,1530.3008658188485
2074,8,592.794175695432,376.10528537829657,351.210481595807,153.71919339024797,31.163167930057256,14.050090750235173,11.258471078772779,1530.3008658188485
2074,9,592.794175695432,376.10528537829657,351.210481595807,153.71919339024797,31.163167930057256,14.050090750235173,11.258471078772779,1530.3008658188485
2075,3,228.64268306475253,247.66140751723105,110.48796332050078,36.87733374602855,16.029368218583564,15.562488686568866,9.67150187984661,664.9327464335119
2075,4,228.64268306475253,247.66140751723105,110.48796332050078,36.87733374602855,16.029368218583564,15.562488686568866,9.67150187984661,664.9327464335119
2075,5,228.64268306475253,247.66140751723105,110.48796332050078,36.87733374602855,16.029368218583564,15.562488686568866,9.67150187984661,664.9327464335119
2075,6,228.64268306475253,247.66140751723105,110.48796332050078,36.87733374602855,16.029368218583564,15.562488686568866,9.67150187984661,664.9327464335119
2075,7,228.64268306475253,247.66140751723105,110.48796332050078,36.87733374602855,16.029368218583564,15.562488686568866,9.67150187984661,664.9327464335119
2075,8,228.64268306475253,247.66140751723105,110.48796332050078,36.87733374602855,16.029368218583564,15.562488686568866,9.67150187984661,664.9327464335119
2075,9,228.64268306475253,247.66140751723105,110.48796332050078,36.87733374602855,16.029368218583564,15.562488686568866,9.67150187984661,664.9327464335119
2076,3,203.6883458811235,200.19983350063112,118.18829765278133,58.22504813332043,27.38198981907052,13.980208872961185,10.088490544570352,631.7522144044585
2076,4,203.6883458811235,200.19983350063112,118.18829765278133,58.22504813332043,27.38198981907052,13.980208872961185,10.088490544570352,631.7522144044585
2076,5,203.6883458811235,200.19983350063112,118.18829765278133,58.22504813332043,27.38198981907052,13.980208872961185,10.088490544570352,631.7522144044585
2076,6,203.6883458811235,200.19983350063112,118.18829765278133,58.22504813332043,27.38198981907052,13.980208872961185,10.088490544570352,631.7522144044585
2076,7,203.6883458811235,200.19983350063112,118.18829765278133,58.22504813332043,27.38198981907052,13.980208872961185,10.088490544570352,631.7522144044585
2076,8,203.6883458811235,200.19983350063112,118.18829765278133,58.22504813332043,27.38198981907052,13.980208872961185,10.088490544570352,631.7522144044585
2076,9,203.6883458811235,200.19983350063112,118.18829765278133,58.22504813332043,27.38198981907052,13.980208872961185,10.088490544570352,631.7522144044585
2077,3,391.1058299769374,302.85153601903164,437.3704224465115,247.15885307213622,55.50653881909979,30.176078633121186,64.45317674958822,1528.6224357164263
2077,4,391.1058299769374,302.85153601903164,437.3704224465115,247.15885307213622,55.50653881909979,30.176078633121186,64.45317674958822,1528.6224357164263
2077,5,391.1058299769374,302.85153601903164,437.3704224465115,247.15885307213622,55.50653881909979,30.176078633121186,64.45317674958822,1528.6224357164263
2077,6,391.1058299769374,302.85153601903164,437.3704224465115,247.15885307213622,55.50653881909979,30.176078633121186,64.45317674958822,1528.6224357164263
2077,7,391.1058299769374,302.85153601903164,437.3704224465115,247.15885307213622,55.50653881909979,30.176078633121186,64.45317674958822,1528.6224357164263
2077,8,391.1058299769374,302.85153601903164,437.3704224465115,247.15885307213622,55.50653881909979,30.176078633121186,64.45317674958822,1528.6224357164263
2077,9,391.1058299769374,302.85153601903164,437.3704224465115,247.15885307213622,55.50653881909979,30.176078633121186,64.45317674958822,1528.6224357164263
2078,3,212.17785832776042,229.95939194457637,188.86429778563905,82.68729339778082,33.691423005647714,15.405939410175344,10.57588369114925,773.3620875627291
2078,4,212.17785832776042,229.95939194457637,188.86429778563905,82.68729339778082,33.691423005647714,15.405939410175344,10.57588369114925,773.3620875627291
2078,5,212.17785832776042,229.95939194457637,188.86429778563905,82.68729339778082,33.691423005647714,15.405939410175344,10.57588369114925,773.3620875627291
2078,6,212.17785832776042,229.95939194457637,188.86429778563905,82.68729339778082,33.691423005647714,15.405939410175344,10.57588369114925,773.3620875627291
2078,7,212.17785832776042,229.95939194457637,188.86429778563905,82.68729339778082,33.691423005647714,15.405939410175344,10.57588369114925,773.3620875627291
2078,8,212.17785832776042,229.95939194457637,188.86429778563905,82.68729339778082,33.691423005647714,15.405939410175344,10.57588369114925,773.3620875627291
2078,9,212.17785832776042,229.95939194457637,188.86429778563905,82.68729339778082,33.691423005647714,15.405939410175344,10.57588369114925,773.3620875627291
2079,3,447.26495593552846,363.19490271212646,324.95986304598796,129.11253717749165,36.810389414439406,15.192093056056438,10.25557556082879,1326.7903169024594
2079,4,447.26495593552846,363.19490271212646,324.95986304598796,129.11253717749165,36.810389414439406,15.192093056056438,10.25557556082879,1326.7903169024594
2079,5,447.26495593552846,363.19490271212646,324.95986304598796,129.11253717749165,36.810389414439406,15.192093056056438,10.25557556082879,1326.7903169024594
2079,6,447.26495593552846,363.19490271212646,324.95986304598796,129.11253717749165,36.810389414439406,15.192093056056438,10.25557556082879,1326.7903169024594
2079,7,447.26495593552846,363.19490271212646,324.95986304598796,129.11253717749165,36.810389414439406,15.192093056056438,10.25557556082879,1326.7903169024594
2079,8,447.26495593552846,363.19490271212646,324.95986304598796,129.11253717749165,36.810389414439406,15.192093056056438,10.25557556082879,1326.7903169024594
2079,9,447.26495593552846,363.19490271212646,324.95986304598796,129.11253717749165,36.810389414439406,15.192093056056438,10.25557556082879,1326.7903169024594
2080,3,245.40449764574214,247.6726761582872,274.8696167296489,92.6403581367099,23.486460072681545,12.787639391297695,46.834334576761286,943.6955827111287
2080,4,245.40449764574214,247.6726761582872,274.8696167296489,92.6403581367099,23.486460072681545,12.787639391297695,46.834334576761286,943.6955827111287
2080,5,245.40449764574214,247.6726761582872,274.8696167296489,92.6403581367099,23.486460072681545,12.787639391297695,46.834334576761286,943.6955827111287
2080,6,245.40449764574214,247.6726761582872,274.8696167296489,92.6403581367099,23.486460072681545,12.787639391297695,46.834334576761286,943.6955827111287
2080,7,245.40449764574214,247.6726761582872,274.8696167296489,92.6403581367099,23.486460072681545,12.787639391297695,46.834334576761286,943.6955827111287
2080,8,245.40449764574214,247.6726761582872,274.8696167296489,92.6403581367099,23.486460072681545,12.787639391297695,46.834334576761286,943.6955827111287
2080,9,245.40449764574214,247.6726761582872,274.8696167296489,92.6403581367099,23.486460072681545,12.787639391297695,46.834334576761286,943.6955827111287
2081,3,185.1714845411752,281.2264095488194,128.69670727672303,34.21964712161112,15.814486215404164,14.830592031002787,9.443102958792107,669.4024296935278
2081,4,185.1714845411752,281.2264095488194,128.69670727672303,34.21964712161112,15.814486215404164,14.830592031002787,9.443102958792107,669.4024296935278
2081,5,185.1714845411752,281.2264095488194,128.69670727672303,34.21964712161112,15.814486215404164,14.830592031002787,9.443102958792107,669.4024296935278
2081,6,185.1714845411752,281.2264095488194,128.69670727672303,34.21964712161112,15.814486215404164,14.830592031002787,9.443102958792107,669.4024296935278
2081,7,185.1714845411752,281.2264095488194,128.69670727672303,34.21964712161112,15.814486215404164,14.830592031002787,9.443102958792107,669.4024296935278
2081,8,185.1714845411752,281.2264095488194,128.69670727672303,34.21964712161112,15.814486215404164,14.830592031002787,9.443102958792107,669.4024296935278
2081,9,185.1714845411752,281.2264095488194,128.69670727672303,34.21964712161112,15.814486215404164,14.830592031002787,9.443102958792107,669.4024296935278
2082,3,324.4608196755689,292.06512700301204,358.36025368404165,223.05146570024385,47.00820215536118,19.719959956772723,11.274506156474672,1275.9403343314752
2082,4,324.4608196755689,292.06512700301204,358.36025368404165,223.05146570024385,47.00820215536118,19.719959956772723,11.274506156474672,1275.9403343314752
2082,5,324.4608196755689,292.06512700301204,358.36025368404165,223.05146570024385,47.00820215536118,19.719959956772723,11.274506156474672,1275.9403343314752
2082,6,324.4608196755689,292.06512700301204,358.36025368404165,223.05146570024385,47.00820215536118,19.719959956772723,11.274506156474672,1275.9403343314752
2082,7,324.4608196755689,292.06512700301204,358.36025368404165,223.05146570024385,47.00820215536118,19.719959956772723,11.274506156474672,1275.9403343314752
2082,8,324.4608196755689,292.06512700301204,358.36025368404165,223.05146570024385,47.00820215536118,19.719959956772723,11.274506156474672,1275.9403343314752
2082,9,324.4608196755689,292.06512700301204,358.36025368404165,223.05146570024385,47.00820215536118,19.719959956772723,11.274506156474672,1275.9403343314752
2083,3,397.7355776082247,373.8541811251236,589.3645005917498,318.3282812375397,62.92163094694834,47.69241655878119,19.024758072647796,1808.921346141015
2083,4,397.7355776082247,373.8541811251236,589.3645005917498,318.3282812375397,62.92163094694834,47.69241655878119,19.024758072647796,1808.921346141015
2083,5,397.7355776082247,373.8541811251236,589.3645005917498,318.3282812375397,62.92163094694834,47.69241655878119,19.024758072647796,1808.921346141015
2083,6,397.7355776082247,373.8541811251236,589.3645005917498,318.3282812375397,62.92163094694834,47.69241655878119,19.024758072647796,1808.921346141015
2083,7,397.7355776082247,373.8541811251236,589.3645005917498,318.3282812375397,62.92163094694834,47.69241655878119,19.024758072647796,1808.921346141015
2083,8,397.7355776082247,373.8541811251236,589.3645005917498,318.3282812375397,62.92163094694834,47.69241655878119,19.024758072647796,1808.921346141015
2083,9,397.7355776082247,373.8541811251236,589.3645005917498,318.3282812375397,62.92163094694834,47.69241655878119,19.024758072647796,1808.921346141015
2084,3,312.924657684243,372.0288415335175,523.8122517332635,246.51443364943705,60.58071811080107,18.235153643022336,13.412068967722863,1547.5081253220076
2084,4,312.924657684243,372.0288415335175,523.8122517332635,246.51443364943705,60.58071811080107,18.235153643022336,13.412068967722863,1547.5081253220076
2084,5,312.924657684243,372.0288415335175,523.8122517332635,246.51443364943705,60.58071811080107,18.235153643022336,13.412068967722863,1547.5081253220076
2084,6,312.924657684243,372.0288415335175,523.8122517332635,246.51443364943705,60.58071811080107,18.235153643022336,13.412068967722863,1547.5081253220076
2084,7,312.924657684243,372.0288415335175,523.8122517332635,246.51443364943705,60.58071811080107,18.235153643022336,13.412068967722863,1547.5081253220076
2084,8,312.924657684243,372.0288415335175,523.8122517332635,246.51443364943705,60.58071811080107,18.235153643022336,13.412068967722863,1547.5081253220076
2084,9,312.924657684243,372.0288415335175,523.8122517332635,246.51443364943705,60.58071811080107,18.235153643022336,13.412068967722863,1547.5081253220076
2085,3,328.58056301456463,211.96124338989213,105.9657472210979,25.153752440144878,25.479055209796808,41.611547245212535,12.837759037961195,751.58966755867
2085,4,328.58056301456463,211.96124338989213,105.9657472210979,25.153752440144878,25.479055209796808,41.611547245212535,12.837759037961195,751.58966755867
2085,5,328.58056301456463,211.96124338989213,105.9657472210979,25.153752440144878,25.479055209796808,41.611547245212535,12.837759037961195,751.58966755867
2085,6,328.58056301456463,211.96124338989213,105.9657472210979,25.153752440144878,25.479055209796808,41.611547245212535,12.837759037961195,751.58966755867
2085,7,328.58056301456463,211.96124338989213,105.9657472210979,25.153752440144878,25.479055209796808,41.611547245212535,12.837759037961195,751.58966755867
2085,8,328.58056301456463,211.96124338989213,105.9657472210979,25.153752440144878,25.479055209796808,41.611547245212535,12.837759037961195,751.58966755867
2085,9,328.58056301456463,211.96124338989213,105.9657472210979,25.153752440144878,25.479055209796808,41.611547245212535,12.837759037961195,751.58966755867
2086,3,327.71560934571437,206.4238252765467,305.45619759123935,177.3978714393963,34.838054659806986,17.845228882484705,11.263166450464766,1080.9399536456533
2086,4,327.71560934571437,206.4238252765467,305.45619759123935,177.3978714393963,34.838054659806986,17.845228882484705,11.263166450464766,1080.9399536456533
2086,5,327.71560934571437,206.4238252765467,305.45619759123935,177.3978714393963,34.838054659806986,17.845228882484705,11.263166450464766,1080.9399536456533
2086,6,327.71560934571437,206.4238252765467,305.45619759123935,177.3978714393963,34.838054659806986,17.845228882484705,11.263166450464766,1080.9399536456533
2086,7,327.71560934571437,206.4238252765467,305.45619759123935,177.3978714393963,34.838054659806986,17.845228882484705,11.263166450464766,1080.9399536456533
2086,8,327.71560934571437,206.4238252765467,305.45619759123935,177.3978714393963,34.838054659806986,17.845228882484705,11.263166450464766,1080.9399536456533
2086,9,327.71560934571437,206.4238252765467,305.45619759123935,177.3978714393963,34.838054659806986,17.845228882484705,11.263166450464766,1080.9399536456533
2087,3,98.0197641342442,130.08108527035424,77.07510667174668,43.41576984390224,15.92036042748094,12.960408655893847,11.113812434313967,388.58630743793606
2087,4,98.0197641342442,130.08108527035424,77.07510667174668,43.41576984390224,15.92036042748094,12.960408655893847,11.113812434313967,388.58630743793606
2087,5,98.0197641342442,130.08108527035424,77.07510667174668,43.41576984390224,15.92036042748094,12.960408655893847,11.113812434313967,388.58630743793606
2087,6,98.0197641342442,130.08108527035424,77.07510667174668,43.41576984390224,15.92036042748094,12.960408655893847,11.113812434313967,388.58630743793606
2087,7,98.0197641342442,130.08108527035424,77.07510667174668,43.41576984390224,15.92036042748094,12.960408655893847,11.113812434313967,388.58630743793606
2087,8,98.0197641342442,130.08108527035424,77.07510667174668,43.41576984390224,15.92036042748094,12.960408655893847,11.113812434313967,388.58630743793606
2087,9,98.0197641342442,130.08108527035424,77.07510667174668,43.41576984390224,15.92036042748094,12.960408655893847,11.113812434313967,388.58630743793606
2088,3,140.20708777778358,50.01395752776599,34.998017249172925,16.136574859971958,11.739571337337923,10.040108484240111,8.045742004106446,271.18105924037894
2088,4,140.20708777778358,50.01395752776599,34.998017249172925,16.136574859971958,11.739571337337923,10.040108484240111,8.045742004106446,271.18105924037894
2088,5,140.20708777778358,50.01395752776599,34.998017249172925,16.136574859971958,11.739571337337923,10.040108484240111,8.045742004106446,271.18105924037894
2088,6,140.20708777778358,50.01395752776599,34.998017249172925,16.136574859971958,11.739571337337923,10.040108484240111,8.045742004106446,271.18105924037894
2088,7,140.20708777778358,50.01395752776599,34.998017249172925,16.136574859971958,11.739571337337923,10.040108484240111,8.045742004106446,271.18105924037894
2088,8,140.20708777778358,50.01395752776599,34.998017249172925,16.136574859971958,11.739571337337923,10.040108484240111,8.045742004106446,271.18105924037894
2088,9,140.20708777778358,50.01395752776599,34.998017249172925,16.136574859971958,11.739571337337923,10.040108484240111,8.045742004106446,271.18105924037894
2089,3,307.6829155763755,335.0938733658587,333.5086426054692,117.19752685555451,23.97558003198245,15.600281317830735,10.307410464236069,1143.366230217307
2089,4,307.6829155763755,335.0938733658587,333.5086426054692,117.19752685555451,23.97558003198245,15.600281317830735,10.307410464236069,1143.366230217307
2089,5,307.6829155763755,335.0938733658587,333.5086426054692,117.19752685555451,23.97558003198245,15.600281317830735,10.307410464236069,1143.366230217307
2089,6,307.6829155763755,335.0938733658587,333.5086426054692,117.19752685555451,23.97558003198245,15.600281317830735,10.307410464236069,1143.366230217307
2089,7,307.6829155763755,335.0938733658587,333.5086426054692,117.19752685555451,23.97558003198245,15.600281317830735,10.307410464236069,1143.366230217307
2089,8,307.6829155763755,335.0938733658587,333.5086426054692,117.19752685555451,23.97558003198245,15.600281317830735,10.307410464236069,1143.366230217307
2089,9,307.6829155763755,335.0938733658587,333.5086426054692,117.19752685555451,23.97558003198245,15.600281317830735,10.307410464236069,1143.366230217307
2090,3,88.20714980765341,54.965147775105926,26.67630188337128,13.435160180313833,20.906704130575754,20.511140140183,65.74392879019916,290.4455327074023
2090,4,88.20714980765341,54.965147775105926,26.67630188337128,13.435160180313833,20.906704130575754,20.511140140183,65.74392879019916,290.4455327074023
2090,5,88.20714980765341,54.965147775105926,26.67630188337128,13.435160180313833,20.906704130575754,20.511140140183,65.74392879019916,290.4455327074023
2090,6,88.20714980765341,54.965147775105926,26.67630188337128,13.435160180313833,20.906704130575754,20.511140140183,65.74392879019916,290.4455327074023
2090,7,88.20714980765341,54.965147775105926,26.67630188337128,13.435160180313833,20.906704130575754,20.511140140183,65.74392879019916,290.4455327074023
2090,8,88.20714980765341,54.965147775105926,26.67630188337128,13.435160180313833,20.906704130575754,20.511140140183,65.74392879019916,290.4455327074023
2090,9,88.20714980765341,54.965147775105926,26.67630188337128,13.435160180313833,20.906704130575754,20.511140140183,65.74392879019916,290.4455327074023
2091,3,610.4032288802049,424.675680256396,244.6042603941281,86.22656740997037,25.288049736955283,15.648880917579929,10.266833947873378,1417.113501543108
2091,4,610.4032288802049,424.675680256396,244.6042603941281,86.22656740997037,25.288049736955283,15.648880917579929,10.266833947873378,1417.113501543108
2091,5,610.4032288802049,424.675680256396,244.6042603941281,86.22656740997037,25.288049736955283,15.648880917579929,10.266833947873378,1417.113501543108
2091,6,610.4032288802049,424.675680256396,244.6042603941281,86.22656740997037,25.288049736955283,15.648880917579929,10.266833947873378,1417.113501543108
2091,7,610.4032288802049,424.675680256396,244.6042603941281,86.22656740997037,25.288049736955283,15.648880917579929,10.266833947873378,1417.113501543108
2091,8,610.4032288802049,424.675680256396,244.6042603941281,86.22656740997037,25.288049736955283,15.648880917579929,10.266833947873378,1417.113501543108
2091,9,610.4032288802049,424.675680256396,244.6042603941281,86.22656740997037,25.288049736955283,15.648880917579929,10.266833947873378,1417.113501543108
2092,3,229.01301425477678,233.76840722432712,194.99513044060507,72.41424764837723,20.299123939226632,12.241708127887904,15.345742841522688,778.0773744767234
2092,4,229.01301425477678,233.76840722432712,194.99513044060507,72.41424764837723,20.299123939226632,12.241708127887904,15.345742841522688,778.0773744767234
2092,5,229.01301425477678,233.76840722432712,194.99513044060507,72.41424764837723,20.299123939226632,12.241708127887904,15.345742841522688,778.0773744767234
2092,6,229.01301425477678,233.76840722432712,194.99513044060507,72.41424764837723,20.299123939226632,12.241708127887904,15.345742841522688,778.0773744767234
2092,7,229.01301425477678,233.76840722432712,194.99513044060507,72.41424764837723,20.299123939226632,12.241708127887904,15.345742841522688,778.0773744767234
2092,8,229.01301425477678,233.76840722432712,194.99513044060507,72.41424764837723,20.299123939226632,12.241708127887904,15.345742841522688,778.0773744767234
2092,9,229.01301425477678,233.76840722432712,194.99513044060507,72.41424764837723,20.299123939226632,12.241708127887904,15.345742841522688,778.0773744767234
2093,3,423.4099865565796,300.4636008170356,195.3289658396167,51.886215542545315,18.100468442882033,12.240571902311611,9.75085632861492,1011.1806654295857
2093,4,423.4099865565796,300.4636008170356,195.3289658396167,51.886215542545315,18.100468442882033,12.240571902311611,9.75085632861492,1011.1806654295857
2093,5,423.4099865565796,300.4636008170356,195.3289658396167,51.886215542545315,18.100468442882033,12.240571902311611,9.75085632861492,1011.1806654295857
2093,6,423.4099865565796,300.4636008170356,195.3289658396167,51.886215542545315,18.100468442882033,12.240571902311611,9.75085632861492,1011.1806654295857
2093,7,423.4099865565796,300.4636008170356,195.3289658396167,51.886215542545315,18.100468442882033,12.240571902311611,9.75085632861492,1011.1806654295857
2093,8,423.4099865565796,300.4636008170356,195.3289658396167,51.886215542545315,18.100468442882033,12.240571902311611,9.75085632861492,1011.1806654295857
2093,9,423.4099865565796,300.4636008170356,195.3289658396167,51.886215542545315,18.100468442882033,12.240571902311611,9.75085632861492,1011.1806654295857
2094,3,549.2158454504661,201.15217516689017,231.36460569739742,110.85750824003762,26.560579474248527,13.855115683600676,29.423169850671865,1162.4289995633123
2094,4,549.2158454504661,201.15217516689017,231.36460569739742,110.85750824003762,26.560579474248527,13.855115683600676,29.423169850671865,1162.4289995633123
2094,5,549.2158454504661,201.15217516689017,231.36460569739742,110.85750824003762,26.560579474248527,13.855115683600676,29.423169850671865,1162.4289995633123
2094,6,549.2158454504661,201.15217516689017,231.36460569739742,110.85750824003762,26.560579474248527,13.855115683600676,29.423169850671865,1162.4289995633123
2094,7,549.2158454504661,201.15217516689017,231.36460569739742,110.85750824003762,26.560579474248527,13.855115683600676,29.423169850671865,1162.4289995633123
2094,8,549.2158454504661,201.15217516689017,231.36460569739742,110.85750824003762,26.560579474248527,13.855115683600676,29.423169850671865,1162.4289995633123
2094,9,549.2158454504661,201.15217516689017,231.36460569739742,110.85750824003762,26.560579474248527,13.855115683600676,29.423169850671865,1162.4289995633123
2095,3,113.09715315216876,82.88194951004228,35.73882646458772,15.32911783151582,13.770379170197108,27.314815144713886,15.889134172920945,304.02137544614646
2095,4,113.09715315216876,82.88194951004228,35.73882646458772,15.32911783151582,13.770379170197108,27.314815144713886,15.889134172920945,304.02137544614646
2095,5,113.09715315216876,82.88194951004228,35.73882646458772,15.32911783151582,13.770379170197108,27.314815144713886,15.889134172920945,304.02137544614646
2095,6,113.09715315216876,82.88194951004228,35.73882646458772,15.32911783151582,13.770379170197108,27.314815144713886,15.889134172920945,304.02137544614646
2095,7,113.09715315216876,82.88194951004228,35.73882646458772,15.32911783151582,13.770379170197108,27.314815144713886,15.889134172920945,304.02137544614646
2095,8,113.09715315216876,82.88194951004228,35.73882646458772,15.32911783151582,13.770379170197108,27.314815144713886,15.889134172920945,304.02137544614646
2095,9,113.09715315216876,82.88194951004228,35.73882646458772,15.32911783151582,13.770379170197108,27.314815144713886,15.889134172920945,304.02137544614646
2096,3,284.9851085251523,104.41157848659078,41.21457461990845,17.324476738229222,12.748436325272095,10.286971586673316,8.54946254714971,479.52060882897587
2096,4,284.9851085251523,104.41157848659078,41.21457461990845,17.324476738229222,12.748436325272095,10.286971586673316,8.54946254714971,479.52060882897587
2096,5,284.9851085251523,104.41157848659078,41.21457461990845,17.324476738229222,12.748436325272095,10.286971586673316,8.54946254714971,479.52060882897587
2096,6,284.9851085251523,104.41157848659078,41.21457461990845,17.324476738229222,12.748436325272095,10.286971586673316,8.54946254714971,479.52060882897587
2096,7,284.9851085251523,104.41157848659078,41.21457461990845,17.324476738229222,12.748436325272095,10.286971586673316,8.54946254714971,479.52060882897587
2096,8,284.9851085251523,104.41157848659078,41.21457461990845,17.324476738229222,12.748436325272095,10.286971586673316,8.54946254714971,479.52060882897587
2096,9,284.9851085251523,104.41157848659078,41.21457461990845,17.324476738229222,12.748436325272095,10.286971586673316,8.54946254714971,479.52060882897587
2097,3,51.63211166636924,47.69089925130306,25.3718932947567,14.054061475837793,16.555664607339338,28.215279114409604,26.081725019275996,209.60163442929175
2097,4,51.63211166636924,47.69089925130306,25.3718932947567,14.054061475837793,16.555664607339338,28.215279114409604,26.081725019275996,209.60163442929175
2097,5,51.63211166636924,47.69089925130306,25.3718932947567,14.054061475837793,16.555664607339338,28.215279114409604,26.081725019275996,209.60163442929175
2097,6,51.63211166636924,47.69089925130306,25.3718932947567,14.054061475837793,16.555664607339338,28.215279114409604,26.081725019275996,209.60163442929175
2097,7,51.63211166636924,47.69089925130306,25.3718932947567,14.054061475837793,16.555664607339338,28.215279114409604,26.081725019275996,209.60163442929175
2097,8,51.63211166636924,47.69089925130306,25.3718932947567,14.054061475837793,16.555664607339338,28.215279114409604,26.081725019275996,209.60163442929175
2097,9,51.63211166636924,47.69089925130306,25.3718932947567,14.054061475837793,16.555664607339338,28.215279114409604,26.081725019275996,209.60163442929175
2098,3,495.5790730382667,248.77276843656188,151.57459288025765,39.86045376714747,16.05018230542745,18.85234247345103,9.375787337880555,980.0652002389927
2098,4,495.5790730382667,248.77276843656188,151.57459288025765,39.86045376714747,16.05018230542745,18.85234247345103,9.375787337880555,980.0652002389927
2098,5,495.5790730382667,248.77276843656188,151.57459288025765,39.86045376714747,16.05018230542745,18.85234247345103,9.375787337880555,980.0652002389927
2098,6,495.5790730382667,248.77276843656188,151.57459288025765,39.86045376714747,16.05018230542745,18.85234247345103,9.375787337880555,980.0652002389927
2098,7,495.5790730382667,248.77276843656188,151.57459288025765,39.86045376714747,16.05018230542745,18.85234247345103,9.375787337880555,980.0652002389927
2098,8,495.5790730382667,248.77276843656188,151.57459288025765,39.86045376714747,16.05018230542745,18.85234247345103,9.375787337880555,980.0652002389927
2098,9,495.5790730382667,248.77276843656188,151.57459288025765,39.86045376714747,16.05018230542745,18.85234247345103,9.375787337880555,980.0652002389927
2099,3,394.6490508858186,392.6392345112874,256.5391178675819,87.56588455304411,22.513928390753147,13.168978698893888,14.705403310217138,1181.781598217596
2099,4,394.6490508858186,392.6392345112874,256.5391178675819,87.56588455304411,22.513928390753147,13.168978698893888,14.705403310217138,1181.781598217596
2099,5,394.6490508858186,392.6392345112874,256.5391178675819,87.56588455304411,22.513928390753147,13.168978698893888,14.705403310217138,1181.781598217596
2099,6,394.6490508858186,392.6392345112874,256.5391178675819,87.56588455304411,22.513928390753147,13.168978698893888,14.705403310217138,1181.781598217596
2099,7,394.6490508858186,392.6392345112874,256.5391178675819,87.56588455304411,22.513928390753147,13.168978698893888,14.705403310217138,1181.781598217596
2099,8,394.6490508858186,392.6392345112874,256.5391178675819,87.56588455304411,22.513928390753147,13.168978698893888,14.705403310217138,1181.781598217596
2099,9,394.6490508858186,392.6392345112874,256.5391178675819,87.56588455304411,22.513928390753147,13.168978698893888,14.705403310217138,1181.781598217596
2100,3,623.9343959284442,334.97838143034704,421.2531427959934,170.9237854183111,29.557733013711047,18.539096970297322,10.730182890526843,1609.916718447631
2100,4,623.9343959284442,334.97838143034704,421.2531427959934,170.9237854183111,29.557733013711047,18.539096970297322,10.730182890526843,1609.916718447631
2100,5,623.9343959284442,334.97838143034704,421.2531427959934,170.9237854183111,29.557733013711047,18.539096970297322,10.730182890526843,1609.916718447631
2100,6,623.9343959284442,334.97838143034704,421.2531427959934,170.9237854183111,29.557733013711047,18.539096970297322,10.730182890526843,1609.916718447631
2100,7,623.9343959284442,334.97838143034704,421.2531427959934,170.9237854183111,29.557733013711047,18.539096970297322,10.730182890526843,1609.916718447631
2100,8,623.9343959284442,334.97838143034704,421.2531427959934,170.9237854183111,29.557733013711047,18.539096970297322,10.730182890526843,1609.916718447631
2100,9,623.9343959284442,334.97838143034704,421.2531427959934,170.9237854183111,29.557733013711047,18.539096970297322,10.730182890526843,1609.916718447631
