StationID,Duration,SensorNumber,SensorType,DateTime,ObsDate,Value,DataFlag,SensorUnits
TLG,M,65,MON FNF,1950-01-01,1950-01-31T08:00:00Z,77460,,AF
TLG,M,65,MON FNF,1950-02-01,1950-02-28T08:00:00Z,124320,,AF
TLG,M,65,MON FNF,1950-03-01,1950-03-31T08:00:00Z,128310,,AF
TLG,M,65,MON FNF,1950-04-01,1950-04-30T08:00:00Z,329130,,AF
TLG,M,65,MON FNF,1950-05-01,1950-05-31T07:00:00Z,467440,,AF
TLG,M,65,MON FNF,1950-06-01,1950-06-30T07:00:00Z,319390,,AF
TLG,M,65,MON FNF,1950-07-01,1950-07-31T07:00:00Z,62240,,AF
TLG,M,65,MON FNF,1950-08-01,1950-08-31T07:00:00Z,6510,,AF
TLG,M,65,MON FNF,1950-09-01,1950-09-30T08:00:00Z,0,,AF
TLG,M,65,MON FNF,1950-10-01,1950-10-31T08:00:00Z,24440,,AF
TLG,M,65,MON FNF,1950-11-01,1950-11-30T08:00:00Z,521560,,AF
TLG,M,65,MON FNF,1950-12-01,1950-12-31T08:00:00Z,508990,,AF
TLG,M,65,MON FNF,1951-01-01,1951-01-31T08:00:00Z,159240,,AF
TLG,M,65,MON FNF,1951-02-01,1951-02-28T08:00:00Z,138910,,AF
TLG,M,65,MON FNF,1951-03-01,1951-03-31T08:00:00Z,168700,,AF
TLG,M,65,MON FNF,1951-04-01,1951-04-30T07:00:00Z,253810,,AF
TLG,M,65,MON FNF,1951-05-01,1951-05-31T07:00:00Z,372860,,AF
TLG,M,65,MON FNF,1951-06-01,1951-06-30T07:00:00Z,256730,,AF
TLG,M,65,MON FNF,1951-07-01,1951-07-31T07:00:00Z,60100,,AF
TLG,M,65,MON FNF,1951-08-01,1951-08-31T07:00:00Z,9570,,AF
TLG,M,65,MON FNF,1951-09-01,1951-09-30T07:00:00Z,270,,AF
TLG,M,65,MON FNF,1951-10-01,1951-10-31T08:00:00Z,9020,,AF
TLG,M,65,MON FNF,1951-11-01,1951-11-30T08:00:00Z,30850,,AF
TLG,M,65,MON FNF,1951-12-01,1951-12-31T08:00:00Z,121410,,AF
TLG,M,65,MON FNF,1952-01-01,1952-01-31T08:00:00Z,218690,,AF
TLG,M,65,MON FNF,1952-02-01,1952-02-29T08:00:00Z,147760,,AF
TLG,M,65,MON FNF,1952-03-01,1952-03-31T08:00:00Z,239840,,AF
TLG,M,65,MON FNF,1952-04-01,1952-04-30T07:00:00Z,466420,,AF
TLG,M,65,MON FNF,1952-05-01,1952-05-31T07:00:00Z,791330,,AF
TLG,M,65,MON FNF,1952-06-01,1952-06-30T07:00:00Z,594180,,AF
TLG,M,65,MON FNF,1952-07-01,1952-07-31T07:00:00Z,291860,,AF
TLG,M,65,MON FNF,1952-08-01,1952-08-31T07:00:00Z,54090,,AF
TLG,M,65,MON FNF,1952-09-01,1952-09-30T08:00:00Z,16910,,AF
TLG,M,65,MON FNF,1952-10-01,1952-10-31T08:00:00Z,8670,,AF
TLG,M,65,MON FNF,1952-11-01,1952-11-30T08:00:00Z,11860,,AF
TLG,M,65,MON FNF,1952-12-01,1952-12-31T08:00:00Z,53060,,AF
TLG,M,65,MON FNF,1953-01-01,1953-01-31T08:00:00Z,145090,,AF
TLG,M,65,MON FNF,1953-02-01,1953-02-28T08:00:00Z,63530,,AF
TLG,M,65,MON FNF,1953-03-01,1953-03-31T08:00:00Z,106650,,AF
TLG,M,65,MON FNF,1953-04-01,1953-04-30T07:00:00Z,269600,,AF
TLG,M,65,MON FNF,1953-05-01,1953-05-31T07:00:00Z,259520,,AF
TLG,M,65,MON FNF,1953-06-01,1953-06-30T07:00:00Z,414410,,AF
TLG,M,65,MON FNF,1953-07-01,1953-07-31T07:00:00Z,169820,,AF
TLG,M,65,MON FNF,1953-08-01,1953-08-31T07:00:00Z,17790,,AF
TLG,M,65,MON FNF,1953-09-01,1953-09-30T08:00:00Z,5400,,AF
TLG,M,65,MON FNF,1953-10-01,1953-10-31T08:00:00Z,7330,,AF
TLG,M,65,MON FNF,1953-11-01,1953-11-30T08:00:00Z,17170,,AF
TLG,M,65,MON FNF,1953-12-01,1953-12-31T08:00:00Z,24200,,AF
TLG,M,65,MON FNF,1954-01-01,1954-01-31T08:00:00Z,41890,,AF
TLG,M,65,MON FNF,1954-02-01,1954-02-28T08:00:00Z,101380,,AF
TLG,M,65,MON FNF,1954-03-01,1954-03-31T08:00:00Z,213200,,AF
TLG,M,65,MON FNF,1954-04-01,1954-04-30T07:00:00Z,349170,,AF
TLG,M,65,MON FNF,1954-05-01,1954-05-31T07:00:00Z,447550,,AF
TLG,M,65,MON FNF,1954-06-01,1954-06-30T07:00:00Z,185140,,AF
TLG,M,65,MON FNF,1954-07-01,1954-07-31T07:00:00Z,37920,,AF
TLG,M,65,MON FNF,1954-08-01,1954-08-31T07:00:00Z,3080,,AF
TLG,M,65,MON FNF,1954-09-01,1954-09-30T08:00:00Z,1150,,AF
TLG,M,65,MON FNF,1954-10-01,1954-10-31T08:00:00Z,4060,,AF
TLG,M,65,MON FNF,1954-11-01,1954-11-30T08:00:00Z,15380,,AF
TLG,M,65,MON FNF,1954-12-01,1954-12-31T08:00:00Z,49990,,AF
TLG,M,65,MON FNF,1955-01-01,1955-01-31T08:00:00Z,66700,,AF
TLG,M,65,MON FNF,1955-02-01,1955-02-28T08:00:00Z,61170,,AF
TLG,M,65,MON FNF,1955-03-01,1955-03-31T08:00:00Z,82400,,AF
TLG,M,65,MON FNF,1955-04-01,1955-04-30T07:00:00Z,143950,,AF
TLG,M,65,MON FNF,1955-05-01,1955-05-31T07:00:00Z,366450,,AF
TLG,M,65,MON FNF,1955-06-01,1955-06-30T07:00:00Z,292180,,AF
TLG,M,65,MON FNF,1955-07-01,1955-07-31T07:00:00Z,39300,,AF
TLG,M,65,MON FNF,1955-08-01,1955-08-31T07:00:00Z,920,,AF
TLG,M,65,MON FNF,1955-09-01,1955-09-30T08:00:00Z,1200,,AF
TLG,M,65,MON FNF,1955-10-01,1955-10-31T08:00:00Z,3970,,AF
TLG,M,65,MON FNF,1955-11-01,1955-11-30T08:00:00Z,12960,,AF
TLG,M,65,MON FNF,1955-12-01,1955-12-31T08:00:00Z,649620,,AF
TLG,M,65,MON FNF,1956-01-01,1956-01-31T08:00:00Z,431300,,AF
TLG,M,65,MON FNF,1956-02-01,1956-02-29T08:00:00Z,156100,,AF
TLG,M,65,MON FNF,1956-03-01,1956-03-31T08:00:00Z,178530,,AF
TLG,M,65,MON FNF,1956-04-01,1956-04-30T07:00:00Z,281790,,AF
TLG,M,65,MON FNF,1956-05-01,1956-05-31T07:00:00Z,559660,,AF
TLG,M,65,MON FNF,1956-06-01,1956-06-30T07:00:00Z,581820,,AF
TLG,M,65,MON FNF,1956-07-01,1956-07-31T07:00:00Z,244240,,AF
TLG,M,65,MON FNF,1956-08-01,1956-08-31T07:00:00Z,40680,,AF
TLG,M,65,MON FNF,1956-09-01,1956-09-30T07:00:00Z,12170,,AF
TLG,M,65,MON FNF,1956-10-01,1956-10-31T08:00:00Z,21370,,AF
TLG,M,65,MON FNF,1956-11-01,1956-11-30T08:00:00Z,24260,,AF
TLG,M,65,MON FNF,1956-12-01,1956-12-31T08:00:00Z,24200,,AF
TLG,M,65,MON FNF,1957-01-01,1957-01-31T08:00:00Z,35040,,AF
TLG,M,65,MON FNF,1957-02-01,1957-02-28T08:00:00Z,123750,,AF
TLG,M,65,MON FNF,1957-03-01,1957-03-31T08:00:00Z,153540,,AF
TLG,M,65,MON FNF,1957-04-01,1957-04-30T07:00:00Z,172500,,AF
TLG,M,65,MON FNF,1957-05-01,1957-05-31T07:00:00Z,379990,,AF
TLG,M,65,MON FNF,1957-06-01,1957-06-30T07:00:00Z,404980,,AF
TLG,M,65,MON FNF,1957-07-01,1957-07-31T07:00:00Z,67160,,AF
TLG,M,65,MON FNF,1957-08-01,1957-08-31T07:00:00Z,8740,,AF
TLG,M,65,MON FNF,1957-09-01,1957-09-30T08:00:00Z,2040,,AF
TLG,M,65,MON FNF,1957-10-01,1957-10-31T08:00:00Z,11300,,AF
TLG,M,65,MON FNF,1957-11-01,1957-11-30T08:00:00Z,18390,,AF
TLG,M,65,MON FNF,1957-12-01,1957-12-31T08:00:00Z,48030,,AF
TLG,M,65,MON FNF,1958-01-01,1958-01-31T08:00:00Z,58120,,AF
TLG,M,65,MON FNF,1958-02-01,1958-02-28T08:00:00Z,176740,,AF
TLG,M,65,MON FNF,1958-03-01,1958-03-31T08:00:00Z,256770,,AF
TLG,M,65,MON FNF,1958-04-01,1958-04-30T07:00:00Z,425000,,AF
TLG,M,65,MON FNF,1958-05-01,1958-05-31T07:00:00Z,761400,,AF
TLG,M,65,MON FNF,1958-06-01,1958-06-30T07:00:00Z,579220,,AF
TLG,M,65,MON FNF,1958-07-01,1958-07-31T07:00:00Z,231900,,AF
TLG,M,65,MON FNF,1958-08-01,1958-08-31T07:00:00Z,54870,,AF
TLG,M,65,MON FNF,1958-09-01,1958-09-30T08:00:00Z,16630,,AF
TLG,M,65,MON FNF,1958-10-01,1958-10-31T08:00:00Z,5890,,AF
TLG,M,65,MON FNF,1958-11-01,1958-11-30T08:00:00Z,5830,,AF
TLG,M,65,MON FNF,1958-12-01,1958-12-31T08:00:00Z,5230,,AF
TLG,M,65,MON FNF,1959-01-01,1959-01-31T08:00:00Z,78640,,AF
TLG,M,65,MON FNF,1959-02-01,1959-02-28T08:00:00Z,116210,,AF
TLG,M,65,MON FNF,1959-03-01,1959-03-31T08:00:00Z,119020,,AF
TLG,M,65,MON FNF,1959-04-01,1959-04-30T07:00:00Z,224040,,AF
TLG,M,65,MON FNF,1959-05-01,1959-05-31T07:00:00Z,231480,,AF
TLG,M,65,MON FNF,1959-06-01,1959-06-30T07:00:00Z,138830,,AF
TLG,M,65,MON FNF,1959-07-01,1959-07-31T07:00:00Z,18220,,AF
TLG,M,65,MON FNF,1959-08-01,1959-08-31T07:00:00Z,1500,,AF
TLG,M,65,MON FNF,1959-09-01,1959-09-30T08:00:00Z,44720,,AF
TLG,M,65,MON FNF,1959-10-01,1959-10-31T08:00:00Z,5320,,AF
TLG,M,65,MON FNF,1959-11-01,1959-11-30T08:00:00Z,9530,,AF
TLG,M,65,MON FNF,1959-12-01,1959-12-31T08:00:00Z,12300,,AF
TLG,M,65,MON FNF,1960-01-01,1960-01-31T08:00:00Z,25200,,AF
TLG,M,65,MON FNF,1960-02-01,1960-02-29T08:00:00Z,119380,,AF
TLG,M,65,MON FNF,1960-03-01,1960-03-31T08:00:00Z,149500,,AF
TLG,M,65,MON FNF,1960-04-01,1960-04-30T07:00:00Z,238390,,AF
TLG,M,65,MON FNF,1960-05-01,1960-05-31T07:00:00Z,303410,,AF
TLG,M,65,MON FNF,1960-06-01,1960-06-30T07:00:00Z,162350,,AF
TLG,M,65,MON FNF,1960-07-01,1960-07-31T07:00:00Z,16060,,AF
TLG,M,65,MON FNF,1960-08-01,1960-08-31T07:00:00Z,5800,,AF
TLG,M,65,MON FNF,1960-09-01,1960-09-30T08:00:00Z,5140,,AF
TLG,M,65,MON FNF,1960-10-01,1960-10-31T08:00:00Z,5390,,AF
TLG,M,65,MON FNF,1960-11-01,1960-11-30T08:00:00Z,15660,,AF
TLG,M,65,MON FNF,1960-12-01,1960-12-31T08:00:00Z,32690,,AF
TLG,M,65,MON FNF,1961-01-01,1961-01-31T08:00:00Z,18660,,AF
TLG,M,65,MON FNF,1961-02-01,1961-02-28T08:00:00Z,46550,,AF
TLG,M,65,MON FNF,1961-03-01,1961-03-31T08:00:00Z,71390,,AF
TLG,M,65,MON FNF,1961-04-01,1961-04-30T08:00:00Z,164820,,AF
TLG,M,65,MON FNF,1961-05-01,1961-05-31T07:00:00Z,219810,,AF
TLG,M,65,MON FNF,1961-06-01,1961-06-30T07:00:00Z,122310,,AF
TLG,M,65,MON FNF,1961-07-01,1961-07-31T07:00:00Z,18760,,AF
TLG,M,65,MON FNF,1961-08-01,1961-08-31T07:00:00Z,12510,,AF
TLG,M,65,MON FNF,1961-09-01,1961-09-30T08:00:00Z,3840,,AF
TLG,M,65,MON FNF,1961-10-01,1961-10-31T08:00:00Z,5000,,AF
TLG,M,65,MON FNF,1961-11-01,1961-11-30T08:00:00Z,8030,,AF
TLG,M,65,MON FNF,1961-12-01,1961-12-31T08:00:00Z,23690,,AF
TLG,M,65,MON FNF,1962-01-01,1962-01-31T08:00:00Z,23870,,AF
TLG,M,65,MON FNF,1962-02-01,1962-02-28T08:00:00Z,233310,,AF
TLG,M,65,MON FNF,1962-03-01,1962-03-31T08:00:00Z,139020,,AF
TLG,M,65,MON FNF,1962-04-01,1962-04-30T07:00:00Z,389030,,AF
TLG,M,65,MON FNF,1962-05-01,1962-05-31T07:00:00Z,362480,,AF
TLG,M,65,MON FNF,1962-06-01,1962-06-30T07:00:00Z,445580,,AF
TLG,M,65,MON FNF,1962-07-01,1962-07-31T07:00:00Z,116890,,AF
TLG,M,65,MON FNF,1962-08-01,1962-08-31T07:00:00Z,14060,,AF
TLG,M,65,MON FNF,1962-09-01,1962-09-30T07:00:00Z,4990,,AF
TLG,M,65,MON FNF,1962-10-01,1962-10-31T08:00:00Z,17280,,AF
TLG,M,65,MON FNF,1962-11-01,1962-11-30T08:00:00Z,8750,,AF
TLG,M,65,MON FNF,1962-12-01,1962-12-31T08:00:00Z,29450,,AF
TLG,M,65,MON FNF,1963-01-01,1963-01-31T08:00:00Z,93090,,AF
TLG,M,65,MON FNF,1963-02-01,1963-02-28T08:00:00Z,308730,,AF
TLG,M,65,MON FNF,1963-03-01,1963-03-31T08:00:00Z,112200,,AF
TLG,M,65,MON FNF,1963-04-01,1963-04-30T07:00:00Z,247530,,AF
TLG,M,65,MON FNF,1963-05-01,1963-05-31T07:00:00Z,533660,,AF
TLG,M,65,MON FNF,1963-06-01,1963-06-30T07:00:00Z,463440,,AF
TLG,M,65,MON FNF,1963-07-01,1963-07-31T07:00:00Z,179130,,AF
TLG,M,65,MON FNF,1963-08-01,1963-08-31T07:00:00Z,31870,,AF
TLG,M,65,MON FNF,1963-09-01,1963-09-30T07:00:00Z,16030,,AF
TLG,M,65,MON FNF,1963-10-01,1963-10-31T08:00:00Z,17680,,AF
TLG,M,65,MON FNF,1963-11-01,1963-11-30T08:00:00Z,104940,,AF
TLG,M,65,MON FNF,1963-12-01,1963-12-31T08:00:00Z,48020,,AF
TLG,M,65,MON FNF,1964-01-01,1964-01-31T08:00:00Z,53550,,AF
TLG,M,65,MON FNF,1964-02-01,1964-02-29T08:00:00Z,51800,,AF
TLG,M,65,MON FNF,1964-03-01,1964-03-31T08:00:00Z,75270,,AF
TLG,M,65,MON FNF,1964-04-01,1964-04-30T07:00:00Z,169190,,AF
TLG,M,65,MON FNF,1964-05-01,1964-05-31T07:00:00Z,323070,,AF
TLG,M,65,MON FNF,1964-06-01,1964-06-30T07:00:00Z,225030,,AF
TLG,M,65,MON FNF,1964-07-01,1964-07-31T07:00:00Z,41220,,AF
TLG,M,65,MON FNF,1964-08-01,1964-08-31T07:00:00Z,12350,,AF
TLG,M,65,MON FNF,1964-09-01,1964-09-30T07:00:00Z,8160,,AF
TLG,M,65,MON FNF,1964-10-01,1964-10-31T08:00:00Z,8850,,AF
TLG,M,65,MON FNF,1964-11-01,1964-11-30T08:00:00Z,52250,,AF
TLG,M,65,MON FNF,1964-12-01,1964-12-31T08:00:00Z,517140,,AF
TLG,M,65,MON FNF,1965-01-01,1965-01-31T08:00:00Z,288700,,AF
TLG,M,65,MON FNF,1965-02-01,1965-02-28T08:00:00Z,141060,,AF
TLG,M,65,MON FNF,1965-03-01,1965-03-31T08:00:00Z,140880,,AF
TLG,M,65,MON FNF,1965-04-01,1965-04-30T07:00:00Z,326030,,AF
TLG,M,65,MON FNF,1965-05-01,1965-05-31T07:00:00Z,448980,,AF
TLG,M,65,MON FNF,1965-06-01,1965-06-30T07:00:00Z,476530,,AF
TLG,M,65,MON FNF,1965-07-01,1965-07-31T07:00:00Z,227610,,AF
TLG,M,65,MON FNF,1965-08-01,1965-08-31T07:00:00Z,87410,,AF
TLG,M,65,MON FNF,1965-09-01,1965-09-30T07:00:00Z,22930,,AF
TLG,M,65,MON FNF,1965-10-01,1965-10-31T07:00:00Z,7440,,AF
TLG,M,65,MON FNF,1965-11-01,1965-11-30T08:00:00Z,129570,,AF
TLG,M,65,MON FNF,1965-12-01,1965-12-31T08:00:00Z,88850,,AF
TLG,M,65,MON FNF,1966-01-01,1966-01-31T08:00:00Z,77750,,AF
TLG,M,65,MON FNF,1966-02-01,1966-02-28T08:00:00Z,74930,,AF
TLG,M,65,MON FNF,1966-03-01,1966-03-31T08:00:00Z,146420,,AF
TLG,M,65,MON FNF,1966-04-01,1966-04-30T07:00:00Z,298540,,AF
TLG,M,65,MON FNF,1966-05-01,1966-05-31T07:00:00Z,354860,,AF
TLG,M,65,MON FNF,1966-06-01,1966-06-30T07:00:00Z,86350,,AF
TLG,M,65,MON FNF,1966-07-01,1966-07-31T07:00:00Z,22320,,AF
TLG,M,65,MON FNF,1966-08-01,1966-08-31T07:00:00Z,9310,,AF
TLG,M,65,MON FNF,1966-09-01,1966-09-30T07:00:00Z,9760,,AF
TLG,M,65,MON FNF,1966-10-01,1966-10-31T08:00:00Z,7080,,AF
TLG,M,65,MON FNF,1966-11-01,1966-11-30T08:00:00Z,67330,,AF
TLG,M,65,MON FNF,1966-12-01,1966-12-31T08:00:00Z,221600,,AF
TLG,M,65,MON FNF,1967-01-01,1967-01-31T08:00:00Z,134970,,AF
TLG,M,65,MON FNF,1967-02-01,1967-02-28T08:00:00Z,115040,,AF
TLG,M,65,MON FNF,1967-03-01,1967-03-31T08:00:00Z,306310,,AF
TLG,M,65,MON FNF,1967-04-01,1967-04-30T08:00:00Z,289540,,AF
TLG,M,65,MON FNF,1967-05-01,1967-05-31T07:00:00Z,648920,,AF
TLG,M,65,MON FNF,1967-06-01,1967-06-30T07:00:00Z,743530,,AF
TLG,M,65,MON FNF,1967-07-01,1967-07-31T07:00:00Z,472500,,AF
TLG,M,65,MON FNF,1967-08-01,1967-08-31T07:00:00Z,77530,,AF
TLG,M,65,MON FNF,1967-09-01,1967-09-30T07:00:00Z,20260,,AF
TLG,M,65,MON FNF,1967-10-01,1967-10-31T08:00:00Z,9940,,AF
TLG,M,65,MON FNF,1967-11-01,1967-11-30T08:00:00Z,11140,,AF
TLG,M,65,MON FNF,1967-12-01,1967-12-31T08:00:00Z,31620,,AF
TLG,M,65,MON FNF,1968-01-01,1968-01-31T08:00:00Z,47230,,AF
TLG,M,65,MON FNF,1968-02-01,1968-02-29T08:00:00Z,134490,,AF
TLG,M,65,MON FNF,1968-03-01,1968-03-31T08:00:00Z,122790,,AF
TLG,M,65,MON FNF,1968-04-01,1968-04-30T07:00:00Z,187490,,AF
TLG,M,65,MON FNF,1968-05-01,1968-05-31T07:00:00Z,287670,,AF
TLG,M,65,MON FNF,1968-06-01,1968-06-30T07:00:00Z,141010,,AF
TLG,M,65,MON FNF,1968-07-01,1968-07-31T07:00:00Z,18660,,AF
TLG,M,65,MON FNF,1968-08-01,1968-08-31T07:00:00Z,10030,,AF
TLG,M,65,MON FNF,1968-09-01,1968-09-30T07:00:00Z,4560,,AF
TLG,M,65,MON FNF,1968-10-01,1968-10-31T08:00:00Z,12660,,AF
TLG,M,65,MON FNF,1968-11-01,1968-11-30T08:00:00Z,80850,,AF
TLG,M,65,MON FNF,1968-12-01,1968-12-31T08:00:00Z,81260,,AF
TLG,M,65,MON FNF,1969-01-01,1969-01-31T08:00:00Z,577550,,AF
TLG,M,65,MON FNF,1969-02-01,1969-02-28T08:00:00Z,286000,,AF
TLG,M,65,MON FNF,1969-03-01,1969-03-31T08:00:00Z,263460,,AF
TLG,M,65,MON FNF,1969-04-01,1969-04-30T07:00:00Z,489690,,AF
TLG,M,65,MON FNF,1969-05-01,1969-05-31T07:00:00Z,960270,,AF
TLG,M,65,MON FNF,1969-06-01,1969-06-30T07:00:00Z,716380,,AF
TLG,M,65,MON FNF,1969-07-01,1969-07-31T07:00:00Z,316150,,AF
TLG,M,65,MON FNF,1969-08-01,1969-08-31T07:00:00Z,54810,,AF
TLG,M,65,MON FNF,1969-09-01,1969-09-30T07:00:00Z,13180,,AF
TLG,M,65,MON FNF,1969-10-01,1969-10-31T08:00:00Z,38510,,AF
TLG,M,65,MON FNF,1969-11-01,1969-11-30T08:00:00Z,39310,,AF
TLG,M,65,MON FNF,1969-12-01,1969-12-31T08:00:00Z,112290,,AF
TLG,M,65,MON FNF,1970-01-01,1970-01-31T08:00:00Z,408401,,AF
TLG,M,65,MON FNF,1970-02-01,1970-02-28T08:00:00Z,134261,,AF
TLG,M,65,MON FNF,1970-03-01,1970-03-31T08:00:00Z,191575,,AF
TLG,M,65,MON FNF,1970-04-01,1970-04-30T07:00:00Z,161494,,AF
TLG,M,65,MON FNF,1970-05-01,1970-05-29T07:00:00Z,410581,,AF
TLG,M,65,MON FNF,1970-06-01,1970-06-28T07:00:00Z,336311,,AF
TLG,M,65,MON FNF,1970-07-01,1970-07-29T07:00:00Z,95259,,AF
TLG,M,65,MON FNF,1970-08-01,1970-08-29T07:00:00Z,22778,,AF
TLG,M,65,MON FNF,1970-09-01,1970-09-28T07:00:00Z,11611,,AF
TLG,M,65,MON FNF,1970-10-01,1970-10-29T08:00:00Z,10708,,AF
TLG,M,65,MON FNF,1970-11-01,1970-11-28T08:00:00Z,86508,,AF
TLG,M,65,MON FNF,1970-12-01,1970-12-29T08:00:00Z,123263,,AF
TLG,M,65,MON FNF,1971-01-01,1971-01-31T08:00:00Z,120518,,AF
TLG,M,65,MON FNF,1971-02-01,1971-02-28T08:00:00Z,94171,,AF
TLG,M,65,MON FNF,1971-03-01,1971-03-31T08:00:00Z,146321,,AF
TLG,M,65,MON FNF,1971-04-01,1971-04-30T07:00:00Z,194344,,AF
TLG,M,65,MON FNF,1971-05-01,1971-05-29T07:00:00Z,348928,,AF
TLG,M,65,MON FNF,1971-06-01,1971-06-28T07:00:00Z,418237,,AF
TLG,M,65,MON FNF,1971-07-01,1971-07-29T07:00:00Z,110670,,AF
TLG,M,65,MON FNF,1971-08-01,1971-08-29T07:00:00Z,19622,,AF
TLG,M,65,MON FNF,1971-09-01,1971-09-28T07:00:00Z,9844,,AF
TLG,M,65,MON FNF,1971-10-01,1971-10-29T07:00:00Z,6181,,AF
TLG,M,65,MON FNF,1971-11-01,1971-11-28T08:00:00Z,34871,,AF
TLG,M,65,MON FNF,1971-12-01,1971-12-29T08:00:00Z,76542,,AF
TLG,M,65,MON FNF,1972-01-01,1972-01-31T08:00:00Z,59357,,AF
TLG,M,65,MON FNF,1972-02-01,1972-02-29T08:00:00Z,78033,,AF
TLG,M,65,MON FNF,1972-03-01,1972-03-31T08:00:00Z,181513,,AF
TLG,M,65,MON FNF,1972-04-01,1972-04-30T08:00:00Z,155728,,AF
TLG,M,65,MON FNF,1972-05-01,1972-05-29T07:00:00Z,344130,,AF
TLG,M,65,MON FNF,1972-06-01,1972-06-28T07:00:00Z,219544,,AF
TLG,M,65,MON FNF,1972-07-01,1972-07-29T07:00:00Z,28337,,AF
TLG,M,65,MON FNF,1972-08-01,1972-08-29T07:00:00Z,11399,,AF
TLG,M,65,MON FNF,1972-09-01,1972-09-28T07:00:00Z,10977,,AF
TLG,M,65,MON FNF,1972-10-01,1972-10-29T07:00:00Z,11383,,AF
TLG,M,65,MON FNF,1972-11-01,1972-11-28T08:00:00Z,36095,,AF
TLG,M,65,MON FNF,1972-12-01,1972-12-29T08:00:00Z,86247,,AF
TLG,M,65,MON FNF,1973-01-01,1973-01-31T08:00:00Z,139557,,AF
TLG,M,65,MON FNF,1973-02-01,1973-02-28T08:00:00Z,186063,,AF
TLG,M,65,MON FNF,1973-03-01,1973-03-31T08:00:00Z,173431,,AF
TLG,M,65,MON FNF,1973-04-01,1973-04-30T07:00:00Z,259406,,AF
TLG,M,65,MON FNF,1973-05-01,1973-05-29T07:00:00Z,655184,,AF
TLG,M,65,MON FNF,1973-06-01,1973-06-28T07:00:00Z,400351,,AF
TLG,M,65,MON FNF,1973-07-01,1973-07-29T07:00:00Z,57348,,AF
TLG,M,65,MON FNF,1973-08-01,1973-08-29T07:00:00Z,19710,,AF
TLG,M,65,MON FNF,1973-09-01,1973-09-28T07:00:00Z,5921,,AF
TLG,M,65,MON FNF,1973-10-01,1973-10-29T08:00:00Z,17349,,AF
TLG,M,65,MON FNF,1973-11-01,1973-11-28T08:00:00Z,171392,,AF
TLG,M,65,MON FNF,1973-12-01,1973-12-29T08:00:00Z,136459,,AF
TLG,M,65,MON FNF,1974-01-01,1974-01-31T07:00:00Z,179857,,AF
TLG,M,65,MON FNF,1974-02-01,1974-02-28T07:00:00Z,68703,,AF
TLG,M,65,MON FNF,1974-03-01,1974-03-31T07:00:00Z,228524,,AF
TLG,M,65,MON FNF,1974-04-01,1974-04-30T07:00:00Z,273856,,AF
TLG,M,65,MON FNF,1974-05-01,1974-05-29T07:00:00Z,560604,,AF
TLG,M,65,MON FNF,1974-06-01,1974-06-28T07:00:00Z,441592,,AF
TLG,M,65,MON FNF,1974-07-01,1974-07-29T07:00:00Z,122525,,AF
TLG,M,65,MON FNF,1974-08-01,1974-08-29T07:00:00Z,28530,,AF
TLG,M,65,MON FNF,1974-09-01,1974-09-28T07:00:00Z,9509,,AF
TLG,M,65,MON FNF,1974-10-01,1974-10-29T08:00:00Z,14696,,AF
TLG,M,65,MON FNF,1974-11-01,1974-11-28T08:00:00Z,12097,,AF
TLG,M,65,MON FNF,1974-12-01,1974-12-29T08:00:00Z,35351,,AF
TLG,M,65,MON FNF,1975-01-01,1975-01-31T08:00:00Z,53853,,AF
TLG,M,65,MON FNF,1975-02-01,1975-02-28T07:00:00Z,144319,,AF
TLG,M,65,MON FNF,1975-03-01,1975-03-31T07:00:00Z,224186,,AF
TLG,M,65,MON FNF,1975-04-01,1975-04-30T07:00:00Z,176275,,AF
TLG,M,65,MON FNF,1975-05-01,1975-05-29T07:00:00Z,582040,,AF
TLG,M,65,MON FNF,1975-06-01,1975-06-28T07:00:00Z,596315,,AF
TLG,M,65,MON FNF,1975-07-01,1975-07-29T07:00:00Z,151335,,AF
TLG,M,65,MON FNF,1975-08-01,1975-08-29T07:00:00Z,27588,,AF
TLG,M,65,MON FNF,1975-09-01,1975-09-28T07:00:00Z,14616,,AF
TLG,M,65,MON FNF,1975-10-01,1975-10-29T08:00:00Z,70108,,AF
TLG,M,65,MON FNF,1975-11-01,1975-11-28T08:00:00Z,55730,,AF
TLG,M,65,MON FNF,1975-12-01,1975-12-29T08:00:00Z,31628,,AF
TLG,M,65,MON FNF,1976-01-01,1976-01-31T08:00:00Z,7882,,AF
TLG,M,65,MON FNF,1976-02-01,1976-02-29T08:00:00Z,37803,,AF
TLG,M,65,MON FNF,1976-03-01,1976-03-31T08:00:00Z,70677,,AF
TLG,M,65,MON FNF,1976-04-01,1976-04-30T07:00:00Z,99529,,AF
TLG,M,65,MON FNF,1976-05-01,1976-05-31T07:00:00Z,208988,,AF
TLG,M,65,MON FNF,1976-06-01,1976-06-30T07:00:00Z,39626,,AF
TLG,M,65,MON FNF,1976-07-01,1976-07-31T07:00:00Z,14404,,AF
TLG,M,65,MON FNF,1976-08-01,1976-08-31T07:00:00Z,20664,,AF
TLG,M,65,MON FNF,1976-09-01,1976-09-28T07:00:00Z,13559,,AF
TLG,M,65,MON FNF,1976-10-01,1976-10-31T07:00:00Z,12105,,AF
TLG,M,65,MON FNF,1976-11-01,1976-11-30T08:00:00Z,8503,,AF
TLG,M,65,MON FNF,1976-12-01,1976-12-31T08:00:00Z,3370,,AF
TLG,M,65,MON FNF,1977-01-01,1977-01-31T08:00:00Z,10740,,AF
TLG,M,65,MON FNF,1977-02-01,1977-02-28T08:00:00Z,17451,,AF
TLG,M,65,MON FNF,1977-03-01,1977-03-31T08:00:00Z,23278,,AF
TLG,M,65,MON FNF,1977-04-01,1977-04-30T07:00:00Z,78883,,AF
TLG,M,65,MON FNF,1977-05-01,1977-05-31T07:00:00Z,105985,,AF
TLG,M,65,MON FNF,1977-06-01,1977-06-30T07:00:00Z,104636,,AF
TLG,M,65,MON FNF,1977-07-01,1977-07-31T07:00:00Z,11516,,AF
TLG,M,65,MON FNF,1977-08-01,1977-08-31T07:00:00Z,3217,,AF
TLG,M,65,MON FNF,1977-09-01,1977-09-30T07:00:00Z,2977,,AF
TLG,M,65,MON FNF,1977-10-01,1977-10-31T08:00:00Z,1632,,AF
TLG,M,65,MON FNF,1977-11-01,1977-11-30T08:00:00Z,11685,,AF
TLG,M,65,MON FNF,1977-12-01,1977-12-31T08:00:00Z,96248,,AF
TLG,M,65,MON FNF,1978-01-01,1978-01-31T08:00:00Z,189911,,AF
TLG,M,65,MON FNF,1978-02-01,1978-02-28T08:00:00Z,195757,,AF
TLG,M,65,MON FNF,1978-03-01,1978-03-31T08:00:00Z,331027,,AF
TLG,M,65,MON FNF,1978-04-01,1978-04-30T08:00:00Z,353550,,AF
TLG,M,65,MON FNF,1978-05-01,1978-05-31T07:00:00Z,601599,,AF
TLG,M,65,MON FNF,1978-06-01,1978-06-30T07:00:00Z,663082,,AF
TLG,M,65,MON FNF,1978-07-01,1978-07-31T07:00:00Z,315794,,AF
TLG,M,65,MON FNF,1978-08-01,1978-08-31T07:00:00Z,60559,,AF
TLG,M,65,MON FNF,1978-09-01,1978-09-30T07:00:00Z,82155,,AF
TLG,M,65,MON FNF,1978-10-01,1978-10-31T08:00:00Z,12325,,AF
TLG,M,65,MON FNF,1978-11-01,1978-11-30T08:00:00Z,29496,,AF
TLG,M,65,MON FNF,1978-12-01,1978-12-31T08:00:00Z,33086,,AF
TLG,M,65,MON FNF,1979-01-01,1979-01-31T08:00:00Z,153677,,AF
TLG,M,65,MON FNF,1979-02-01,1979-02-28T08:00:00Z,151480,,AF
TLG,M,65,MON FNF,1979-03-01,1979-03-31T08:00:00Z,238925,,AF
TLG,M,65,MON FNF,1979-04-01,1979-04-30T07:00:00Z,260239,,AF
TLG,M,65,MON FNF,1979-05-01,1979-05-31T07:00:00Z,626235,,AF
TLG,M,65,MON FNF,1979-06-01,1979-06-30T07:00:00Z,314832,,AF
TLG,M,65,MON FNF,1979-07-01,1979-07-31T07:00:00Z,66625,,AF
TLG,M,65,MON FNF,1979-08-01,1979-08-31T07:00:00Z,17080,,AF
TLG,M,65,MON FNF,1979-09-01,1979-09-30T07:00:00Z,9644,,AF
TLG,M,65,MON FNF,1979-10-01,1979-10-31T08:00:00Z,29209,,AF
TLG,M,65,MON FNF,1979-11-01,1979-11-30T08:00:00Z,42254,,AF
TLG,M,65,MON FNF,1979-12-01,1979-12-31T08:00:00Z,49367,,AF
TLG,M,65,MON FNF,1980-01-01,1980-01-31T08:00:00Z,532139,,AF
TLG,M,65,MON FNF,1980-02-01,1980-02-29T08:00:00Z,394146,,AF
TLG,M,65,MON FNF,1980-03-01,1980-03-31T08:00:00Z,221193,,AF
TLG,M,65,MON FNF,1980-04-01,1980-04-30T07:00:00Z,312976,,AF
TLG,M,65,MON FNF,1980-05-01,1980-05-31T07:00:00Z,497417,,AF
TLG,M,65,MON FNF,1980-06-01,1980-06-30T07:00:00Z,538735,,AF
TLG,M,65,MON FNF,1980-07-01,1980-07-31T07:00:00Z,346614,,AF
TLG,M,65,MON FNF,1980-08-01,1980-08-31T07:00:00Z,58826,,AF
TLG,M,65,MON FNF,1980-09-01,1980-09-30T07:00:00Z,22257,,AF
TLG,M,65,MON FNF,1980-10-01,1980-10-31T08:00:00Z,11252,,AF
TLG,M,65,MON FNF,1980-11-01,1980-11-30T08:00:00Z,8336,,AF
TLG,M,65,MON FNF,1980-12-01,1980-12-31T08:00:00Z,25775,,AF
TLG,M,65,MON FNF,1981-01-01,1981-01-31T08:00:00Z,48161,,AF
TLG,M,65,MON FNF,1981-02-01,1981-02-28T08:00:00Z,63489,,AF
TLG,M,65,MON FNF,1981-03-01,1981-03-31T08:00:00Z,125911,,AF
TLG,M,65,MON FNF,1981-04-01,1981-04-30T07:00:00Z,243170,,AF
TLG,M,65,MON FNF,1981-05-01,1981-05-31T07:00:00Z,328483,,AF
TLG,M,65,MON FNF,1981-06-01,1981-06-30T07:00:00Z,151210,,AF
TLG,M,65,MON FNF,1981-07-01,1981-07-31T07:00:00Z,21814,,AF
TLG,M,65,MON FNF,1981-08-01,1981-08-31T07:00:00Z,19142,,AF
TLG,M,65,MON FNF,1981-09-01,1981-09-30T07:00:00Z,8773,,AF
TLG,M,65,MON FNF,1981-10-01,1981-10-31T08:00:00Z,29096,,AF
TLG,M,65,MON FNF,1981-11-01,1981-11-30T08:00:00Z,173742,,AF
TLG,M,65,MON FNF,1981-12-01,1981-12-31T08:00:00Z,220245,,AF
TLG,M,65,MON FNF,1982-01-01,1982-01-31T08:00:00Z,227881,,AF
TLG,M,65,MON FNF,1982-02-01,1982-02-28T08:00:00Z,388399,,AF
TLG,M,65,MON FNF,1982-03-01,1982-03-31T08:00:00Z,339749,,AF
TLG,M,65,MON FNF,1982-04-01,1982-04-30T07:00:00Z,660325,,AF
TLG,M,65,MON FNF,1982-05-01,1982-05-31T07:00:00Z,693110,,AF
TLG,M,65,MON FNF,1982-06-01,1982-06-30T07:00:00Z,566805,,AF
TLG,M,65,MON FNF,1982-07-01,1982-07-31T07:00:00Z,322582,,AF
TLG,M,65,MON FNF,1982-08-01,1982-08-31T07:00:00Z,79983,,AF
TLG,M,65,MON FNF,1982-09-01,1982-09-30T07:00:00Z,103860,,AF
TLG,M,65,MON FNF,1982-10-01,1982-10-31T07:00:00Z,152862,,AF
TLG,M,65,MON FNF,1982-11-01,1982-11-30T08:00:00Z,176231,,AF
TLG,M,65,MON FNF,1982-12-01,1982-12-31T08:00:00Z,244606,,AF
TLG,M,65,MON FNF,1983-01-01,1983-01-31T08:00:00Z,261243,,AF
TLG,M,65,MON FNF,1983-02-01,1983-02-28T08:00:00Z,327834,,AF
TLG,M,65,MON FNF,1983-03-01,1983-03-31T08:00:00Z,560146,,AF
TLG,M,65,MON FNF,1983-04-01,1983-04-30T07:00:00Z,303525,,AF
TLG,M,65,MON FNF,1983-05-01,1983-05-31T07:00:00Z,695933,,AF
TLG,M,65,MON FNF,1983-06-01,1983-06-30T07:00:00Z,1016194,,AF
TLG,M,65,MON FNF,1983-07-01,1983-07-31T07:00:00Z,629625,,AF
TLG,M,65,MON FNF,1983-08-01,1983-08-31T07:00:00Z,205170,,AF
TLG,M,65,MON FNF,1983-09-01,1983-09-30T07:00:00Z,58030,,AF
TLG,M,65,MON FNF,1983-10-01,1983-10-31T08:00:00Z,43833,,AF
TLG,M,65,MON FNF,1983-11-01,1983-11-30T08:00:00Z,310276,,AF
TLG,M,65,MON FNF,1983-12-01,1983-12-31T08:00:00Z,402190,,AF
TLG,M,65,MON FNF,1984-01-01,1984-01-31T08:00:00Z,175424,,AF
TLG,M,65,MON FNF,1984-02-01,1984-02-29T08:00:00Z,150674,,AF
TLG,M,65,MON FNF,1984-03-01,1984-03-31T08:00:00Z,199589,,AF
TLG,M,65,MON FNF,1984-04-01,1984-04-30T07:00:00Z,202815,,AF
TLG,M,65,MON FNF,1984-05-01,1984-05-31T07:00:00Z,535744,,AF
TLG,M,65,MON FNF,1984-06-01,1984-06-30T07:00:00Z,329550,,AF
TLG,M,65,MON FNF,1984-07-01,1984-07-31T07:00:00Z,92967,,AF
TLG,M,65,MON FNF,1984-08-01,1984-08-31T07:00:00Z,21172,,AF
TLG,M,65,MON FNF,1984-09-01,1984-09-30T07:00:00Z,6534,,AF
TLG,M,65,MON FNF,1984-10-01,1984-10-31T08:00:00Z,26106,,AF
TLG,M,65,MON FNF,1984-11-01,1984-11-30T08:00:00Z,85226,,AF
TLG,M,65,MON FNF,1984-12-01,1984-12-31T08:00:00Z,48236,,AF
TLG,M,65,MON FNF,1985-01-01,1985-01-31T08:00:00Z,40637,,AF
TLG,M,65,MON FNF,1985-02-01,1985-02-28T08:00:00Z,68682,,AF
TLG,M,65,MON FNF,1985-03-01,1985-03-31T08:00:00Z,125917,,AF
TLG,M,65,MON FNF,1985-04-01,1985-04-30T07:00:00Z,301904,,AF
TLG,M,65,MON FNF,1985-05-01,1985-05-31T07:00:00Z,341349,,AF
TLG,M,65,MON FNF,1985-06-01,1985-06-30T07:00:00Z,134904,,AF
TLG,M,65,MON FNF,1985-07-01,1985-07-31T07:00:00Z,22584,,AF
TLG,M,65,MON FNF,1985-08-01,1985-08-31T07:00:00Z,15241,,AF
TLG,M,65,MON FNF,1985-09-01,1985-09-30T07:00:00Z,17827,,AF
TLG,M,65,MON FNF,1985-10-01,1985-10-31T08:00:00Z,30726,,AF
TLG,M,65,MON FNF,1985-11-01,1985-11-30T08:00:00Z,49202,,AF
TLG,M,65,MON FNF,1985-12-01,1985-12-31T08:00:00Z,94118,,AF
TLG,M,65,MON FNF,1986-01-01,1986-01-31T08:00:00Z,129323,,AF
TLG,M,65,MON FNF,1986-02-01,1986-02-28T08:00:00Z,616493,,AF
TLG,M,65,MON FNF,1986-03-01,1986-03-31T08:00:00Z,492540,,AF
TLG,M,65,MON FNF,1986-04-01,1986-04-30T07:00:00Z,319713,,AF
TLG,M,65,MON FNF,1986-05-01,1986-05-31T07:00:00Z,540315,,AF
TLG,M,65,MON FNF,1986-06-01,1986-06-30T07:00:00Z,506647,,AF
TLG,M,65,MON FNF,1986-07-01,1986-07-31T07:00:00Z,144170,,AF
TLG,M,65,MON FNF,1986-08-01,1986-08-31T07:00:00Z,30006,,AF
TLG,M,65,MON FNF,1986-09-01,1986-09-30T07:00:00Z,17643,,AF
TLG,M,65,MON FNF,1986-10-01,1986-10-31T08:00:00Z,18326,,AF
TLG,M,65,MON FNF,1986-11-01,1986-11-30T08:00:00Z,8274,,AF
TLG,M,65,MON FNF,1986-12-01,1986-12-31T08:00:00Z,13130,,AF
TLG,M,65,MON FNF,1987-01-01,1987-01-31T08:00:00Z,6352,,AF
TLG,M,65,MON FNF,1987-02-01,1987-02-28T08:00:00Z,37076,,AF
TLG,M,65,MON FNF,1987-03-01,1987-03-31T08:00:00Z,88982,,AF
TLG,M,65,MON FNF,1987-04-01,1987-04-30T07:00:00Z,194340,,AF
TLG,M,65,MON FNF,1987-05-01,1987-05-31T07:00:00Z,203457,,AF
TLG,M,65,MON FNF,1987-06-01,1987-06-30T07:00:00Z,64654,,AF
TLG,M,65,MON FNF,1987-07-01,1987-07-29T07:00:00Z,10193,,AF
TLG,M,65,MON FNF,1987-08-01,1987-08-29T07:00:00Z,8082,,AF
TLG,M,65,MON FNF,1987-09-01,1987-09-28T07:00:00Z,2725,,AF
TLG,M,65,MON FNF,1987-10-01,1987-10-29T08:00:00Z,10666,,AF
TLG,M,65,MON FNF,1987-11-01,1987-11-28T08:00:00Z,26144,,AF
TLG,M,65,MON FNF,1987-12-01,1987-12-29T08:00:00Z,50314,,AF
TLG,M,65,MON FNF,1988-01-01,1988-01-31T08:00:00Z,70422,,AF
TLG,M,65,MON FNF,1988-02-01,1988-02-29T08:00:00Z,57053,,AF
TLG,M,65,MON FNF,1988-03-01,1988-03-31T08:00:00Z,104925,,AF
TLG,M,65,MON FNF,1988-04-01,1988-04-30T07:00:00Z,159417,,AF
TLG,M,65,MON FNF,1988-05-01,1988-05-29T07:00:00Z,212874,,AF
TLG,M,65,MON FNF,1988-06-01,1988-06-28T07:00:00Z,98221,,AF
TLG,M,65,MON FNF,1988-07-01,1988-07-29T07:00:00Z,23503,,AF
TLG,M,65,MON FNF,1988-08-01,1988-08-29T07:00:00Z,6396,,AF
TLG,M,65,MON FNF,1988-09-01,1988-09-28T07:00:00Z,915,,AF
TLG,M,65,MON FNF,1988-10-01,1988-10-29T07:00:00Z,3554,,AF
TLG,M,65,MON FNF,1988-11-01,1988-11-30T08:00:00Z,21228,,AF
TLG,M,65,MON FNF,1988-12-01,1988-12-31T08:00:00Z,26609,,AF
TLG,M,65,MON FNF,1989-01-01,1989-01-31T08:00:00Z,36544,,AF
TLG,M,65,MON FNF,1989-02-01,1989-02-28T08:00:00Z,61500,,AF
TLG,M,65,MON FNF,1989-03-01,1989-03-31T08:00:00Z,285046,,AF
TLG,M,65,MON FNF,1989-04-01,1989-04-30T07:00:00Z,309418,,AF
TLG,M,65,MON FNF,1989-05-01,1989-05-29T07:00:00Z,320768,,AF
TLG,M,65,MON FNF,1989-06-01,1989-06-28T07:00:00Z,207394,,AF
TLG,M,65,MON FNF,1989-07-01,1989-07-29T07:00:00Z,28061,,AF
TLG,M,65,MON FNF,1989-08-01,1989-08-31T07:00:00Z,2106,,AF
TLG,M,65,MON FNF,1989-09-01,1989-09-30T07:00:00Z,9679,,AF
TLG,M,65,MON FNF,1989-10-01,1989-10-31T08:00:00Z,48807,,AF
TLG,M,65,MON FNF,1989-11-01,1989-11-30T08:00:00Z,24878,,AF
TLG,M,65,MON FNF,1989-12-01,1989-12-31T08:00:00Z,21644,,AF
TLG,M,65,MON FNF,1990-01-01,1990-01-31T08:00:00Z,38235,,AF
TLG,M,65,MON FNF,1990-02-01,1990-02-28T08:00:00Z,52727,,AF
TLG,M,65,MON FNF,1990-03-01,1990-03-31T08:00:00Z,129680,,AF
TLG,M,65,MON FNF,1990-04-01,1990-04-30T07:00:00Z,220291,,AF
TLG,M,65,MON FNF,1990-05-01,1990-05-31T07:00:00Z,181713,,AF
TLG,M,65,MON FNF,1990-06-01,1990-06-30T07:00:00Z,100254,,AF
TLG,M,65,MON FNF,1990-07-01,1990-07-31T07:00:00Z,20080,,AF
TLG,M,65,MON FNF,1990-08-01,1990-08-31T07:00:00Z,3600,,AF
TLG,M,65,MON FNF,1990-09-01,1990-09-30T07:00:00Z,682,,AF
TLG,M,65,MON FNF,1990-10-01,1990-10-31T08:00:00Z,1249,,AF
TLG,M,65,MON FNF,1990-11-01,1990-11-30T08:00:00Z,8477,,AF
TLG,M,65,MON FNF,1990-12-01,1990-12-29T08:00:00Z,4504,,AF
TLG,M,65,MON FNF,1991-01-01,1991-01-31T08:00:00Z,4977,,AF
TLG,M,65,MON FNF,1991-02-01,1991-02-28T08:00:00Z,8149,,AF
TLG,M,65,MON FNF,1991-03-01,1991-03-31T08:00:00Z,167738,,AF
TLG,M,65,MON FNF,1991-04-01,1991-04-30T07:00:00Z,179569,,AF
TLG,M,65,MON FNF,1991-05-01,1991-05-29T07:00:00Z,335932,,AF
TLG,M,65,MON FNF,1991-06-01,1991-06-28T07:00:00Z,295465,,AF
TLG,M,65,MON FNF,1991-07-01,1991-07-29T07:00:00Z,67290,,AF
TLG,M,65,MON FNF,1991-08-01,1991-08-29T07:00:00Z,18991,,AF
TLG,M,65,MON FNF,1991-09-01,1991-09-28T07:00:00Z,6738,,AF
TLG,M,65,MON FNF,1991-10-01,1991-10-31T08:00:00Z,15712,,AF
TLG,M,65,MON FNF,1991-11-01,1991-11-30T08:00:00Z,25216,,AF
TLG,M,65,MON FNF,1991-12-01,1991-12-31T08:00:00Z,17934,,AF
TLG,M,65,MON FNF,1992-01-01,1992-01-31T08:00:00Z,25329,,AF
TLG,M,65,MON FNF,1992-02-01,1992-02-29T08:00:00Z,92880,,AF
TLG,M,65,MON FNF,1992-03-01,1992-03-31T08:00:00Z,114853,,AF
TLG,M,65,MON FNF,1992-04-01,1992-04-30T07:00:00Z,230294,,AF
TLG,M,65,MON FNF,1992-05-01,1992-05-31T07:00:00Z,189424,,AF
TLG,M,65,MON FNF,1992-06-01,1992-06-30T07:00:00Z,46305,,AF
TLG,M,65,MON FNF,1992-07-01,1992-07-31T07:00:00Z,59231,,AF
TLG,M,65,MON FNF,1992-08-01,1992-08-31T07:00:00Z,13795,,AF
TLG,M,65,MON FNF,1992-09-01,1992-09-30T07:00:00Z,4047,,AF
TLG,M,65,MON FNF,1992-10-01,1992-10-31T08:00:00Z,10431,,AF
TLG,M,65,MON FNF,1992-11-01,1992-11-30T08:00:00Z,14271,,AF
TLG,M,65,MON FNF,1992-12-01,1992-12-31T08:00:00Z,45928,,AF
TLG,M,65,MON FNF,1993-01-01,1993-01-31T08:00:00Z,278432,,AF
TLG,M,65,MON FNF,1993-02-01,1993-02-28T08:00:00Z,161069,,AF
TLG,M,65,MON FNF,1993-03-01,1993-03-31T08:00:00Z,319015,,AF
TLG,M,65,MON FNF,1993-04-01,1993-04-30T07:00:00Z,334965,,AF
TLG,M,65,MON FNF,1993-05-01,1993-05-31T07:00:00Z,630922,,AF
TLG,M,65,MON FNF,1993-06-01,1993-06-30T07:00:00Z,524051,,AF
TLG,M,65,MON FNF,1993-07-01,1993-07-31T07:00:00Z,225810,,AF
TLG,M,65,MON FNF,1993-08-01,1993-08-31T07:00:00Z,53823,,AF
TLG,M,65,MON FNF,1993-09-01,1993-09-30T07:00:00Z,24843,,AF
TLG,M,65,MON FNF,1993-10-01,1993-10-31T07:00:00Z,18787,,AF
TLG,M,65,MON FNF,1993-11-01,1993-11-30T08:00:00Z,7484,,AF
TLG,M,65,MON FNF,1993-12-01,1993-12-31T08:00:00Z,18418,,AF
TLG,M,65,MON FNF,1994-01-01,1994-01-31T08:00:00Z,21904,,AF
TLG,M,65,MON FNF,1994-02-01,1994-02-28T08:00:00Z,53241,,AF
TLG,M,65,MON FNF,1994-03-01,1994-03-31T08:00:00Z,108309,,AF
TLG,M,65,MON FNF,1994-04-01,1994-04-30T07:00:00Z,195219,,AF
TLG,M,65,MON FNF,1994-05-01,1994-05-31T07:00:00Z,275062,,AF
TLG,M,65,MON FNF,1994-06-01,1994-06-30T07:00:00Z,118698,,AF
TLG,M,65,MON FNF,1994-07-01,1994-07-31T07:00:00Z,32885,,AF
TLG,M,65,MON FNF,1994-08-01,1994-08-31T07:00:00Z,25176,,AF
TLG,M,65,MON FNF,1994-09-01,1994-09-30T07:00:00Z,9502,,AF
TLG,M,65,MON FNF,1994-10-01,1994-10-31T08:00:00Z,10217,,AF
TLG,M,65,MON FNF,1994-11-01,1994-11-30T08:00:00Z,64214,,AF
TLG,M,65,MON FNF,1994-12-01,1994-12-31T08:00:00Z,57836,,AF
TLG,M,65,MON FNF,1995-01-01,1995-01-31T08:00:00Z,347701,,AF
TLG,M,65,MON FNF,1995-02-01,1995-02-28T08:00:00Z,160230,,AF
TLG,M,65,MON FNF,1995-03-01,1995-03-31T08:00:00Z,578656,,AF
TLG,M,65,MON FNF,1995-04-01,1995-04-30T07:00:00Z,384947,,AF
TLG,M,65,MON FNF,1995-05-01,1995-05-31T07:00:00Z,658899,,AF
TLG,M,65,MON FNF,1995-06-01,1995-06-30T07:00:00Z,810870,,AF
TLG,M,65,MON FNF,1995-07-01,1995-07-31T07:00:00Z,651643,,AF
TLG,M,65,MON FNF,1995-08-01,1995-08-31T07:00:00Z,161589,,AF
TLG,M,65,MON FNF,1995-09-01,1996-06-24T07:00:00Z,35003,,AF
TLG,M,65,MON FNF,1995-10-01,1995-10-31T08:00:00Z,12041,,AF
TLG,M,65,MON FNF,1995-11-01,1995-11-30T08:00:00Z,7169,,AF
TLG,M,65,MON FNF,1995-12-01,1995-12-31T08:00:00Z,71564,,AF
TLG,M,65,MON FNF,1996-01-01,1996-01-31T08:00:00Z,129492,,AF
TLG,M,65,MON FNF,1996-02-01,1996-02-29T08:00:00Z,347688,,AF
TLG,M,65,MON FNF,1996-03-01,1996-03-31T08:00:00Z,289540,,AF
TLG,M,65,MON FNF,1996-04-01,1996-04-30T07:00:00Z,323424,,AF
TLG,M,65,MON FNF,1996-05-01,1996-05-31T07:00:00Z,576285,,AF
TLG,M,65,MON FNF,1996-06-01,1996-06-30T07:00:00Z,389269,,AF
TLG,M,65,MON FNF,1996-07-01,1996-07-31T07:00:00Z,132903,,AF
TLG,M,65,MON FNF,1996-08-01,1996-08-01T07:00:00Z,26072,,AF
TLG,M,65,MON FNF,1996-09-01,1996-09-01T07:00:00Z,10870,,AF
TLG,M,65,MON FNF,1996-10-01,1996-10-01T07:00:00Z,8112,,AF
TLG,M,65,MON FNF,1996-11-01,1996-11-01T08:00:00Z,111871,,AF
TLG,M,65,MON FNF,1996-12-01,1996-12-01T08:00:00Z,387137,,AF
TLG,M,65,MON FNF,1997-01-01,1997-01-01T08:00:00Z,1033397,,AF
TLG,M,65,MON FNF,1997-02-01,1997-02-01T08:00:00Z,170075,,AF
TLG,M,65,MON FNF,1997-03-01,1997-03-01T08:00:00Z,231657,,AF
TLG,M,65,MON FNF,1997-04-01,1997-04-01T08:00:00Z,276654,,AF
TLG,M,65,MON FNF,1997-05-01,1997-05-01T07:00:00Z,541541,,AF
TLG,M,65,MON FNF,1997-06-01,1997-06-01T07:00:00Z,335830,,AF
TLG,M,65,MON FNF,1997-07-01,1997-07-01T07:00:00Z,57012,,AF
TLG,M,65,MON FNF,1997-08-01,1997-08-01T07:00:00Z,49118,,AF
TLG,M,65,MON FNF,1997-09-01,1997-09-01T07:00:00Z,21295,,AF
TLG,M,65,MON FNF,1997-10-01,1997-10-01T07:00:00Z,10250,,AF
TLG,M,65,MON FNF,1997-11-01,1997-11-01T08:00:00Z,18134,,AF
TLG,M,65,MON FNF,1997-12-01,1997-12-01T08:00:00Z,34987,,AF
TLG,M,65,MON FNF,1998-01-01,1998-01-01T08:00:00Z,202111,,AF
TLG,M,65,MON FNF,1998-02-01,1998-02-01T08:00:00Z,358314,,AF
TLG,M,65,MON FNF,1998-03-01,1998-03-01T08:00:00Z,353689,,AF
TLG,M,65,MON FNF,1998-04-01,1998-04-01T08:00:00Z,351279,,AF
TLG,M,65,MON FNF,1998-05-01,1998-05-01T07:00:00Z,476635,,AF
TLG,M,65,MON FNF,1998-06-01,1998-06-01T07:00:00Z,854947,,AF
TLG,M,65,MON FNF,1998-07-01,1998-07-01T07:00:00Z,559117,,AF
TLG,M,65,MON FNF,1998-08-01,1998-08-01T07:00:00Z,83544,,AF
TLG,M,65,MON FNF,1998-09-01,1998-09-01T07:00:00Z,35323,,AF
TLG,M,65,MON FNF,1998-10-01,1998-10-01T07:00:00Z,20570,,AF
TLG,M,65,MON FNF,1998-11-01,1998-11-01T08:00:00Z,48462,,AF
TLG,M,65,MON FNF,1998-12-01,1998-12-01T08:00:00Z,67748,,AF
TLG,M,65,MON FNF,1999-01-01,1999-01-01T08:00:00Z,135958,,AF
TLG,M,65,MON FNF,1999-02-01,1999-02-01T08:00:00Z,252085,,AF
TLG,M,65,MON FNF,1999-03-01,1999-03-01T08:00:00Z,170848,,AF
TLG,M,65,MON FNF,1999-04-01,1999-04-01T08:00:00Z,261996,,AF
TLG,M,65,MON FNF,1999-05-01,1999-05-01T07:00:00Z,568878,,AF
TLG,M,65,MON FNF,1999-06-01,1999-06-01T07:00:00Z,436082,,AF
TLG,M,65,MON FNF,1999-07-01,1999-07-01T07:00:00Z,109393,,AF
TLG,M,65,MON FNF,1999-08-01,1999-08-01T07:00:00Z,35311,,AF
TLG,M,65,MON FNF,1999-09-01,1999-09-01T07:00:00Z,20075,,AF
TLG,M,65,MON FNF,1999-10-01,1999-10-01T07:00:00Z,11161,,AF
TLG,M,65,MON FNF,1999-11-01,1999-11-01T08:00:00Z,17090,,AF
TLG,M,65,MON FNF,1999-12-01,1999-12-01T08:00:00Z,10127,,AF
TLG,M,65,MON FNF,2000-01-01,2000-01-01T08:00:00Z,131569,,AF
TLG,M,65,MON FNF,2000-02-01,2000-02-01T08:00:00Z,276976,,AF
TLG,M,65,MON FNF,2000-03-01,2000-03-01T08:00:00Z,252878,,AF
TLG,M,65,MON FNF,2000-04-01,2000-04-01T08:00:00Z,334173,,AF
TLG,M,65,MON FNF,2000-05-01,2000-05-01T07:00:00Z,539373,,AF
TLG,M,65,MON FNF,2000-06-01,2000-06-01T07:00:00Z,321669,,AF
TLG,M,65,MON FNF,2000-07-01,2000-07-01T07:00:00Z,70378,,AF
TLG,M,65,MON FNF,2000-08-01,2000-08-01T07:00:00Z,35487,,AF
TLG,M,65,MON FNF,2000-09-01,2000-09-01T07:00:00Z,18367,,AF
TLG,M,65,MON FNF,2000-10-01,2000-10-01T07:00:00Z,17018,,AF
TLG,M,65,MON FNF,2000-11-01,2000-11-01T08:00:00Z,16770,,AF
TLG,M,65,MON FNF,2000-12-01,2000-12-01T08:00:00Z,22159,,AF
TLG,M,65,MON FNF,2001-01-01,2001-01-01T08:00:00Z,31936,,AF
TLG,M,65,MON FNF,2001-02-01,2001-02-01T08:00:00Z,59944,,AF
TLG,M,65,MON FNF,2001-03-01,2001-03-01T08:00:00Z,179254,,AF
TLG,M,65,MON FNF,2001-04-01,2001-04-01T08:00:00Z,226866,,AF
TLG,M,65,MON FNF,2001-05-01,2001-05-01T07:00:00Z,407945,,AF
TLG,M,65,MON FNF,2001-06-01,2001-06-01T07:00:00Z,55237,,AF
TLG,M,65,MON FNF,2001-07-01,2001-07-01T07:00:00Z,12356,,AF
TLG,M,65,MON FNF,2001-08-01,2001-08-01T07:00:00Z,1840,,AF
TLG,M,65,MON FNF,2001-09-01,2001-09-01T07:00:00Z,2299,,AF
TLG,M,65,MON FNF,2001-10-01,2001-10-01T07:00:00Z,4022,,AF
TLG,M,65,MON FNF,2001-11-01,2001-11-01T08:00:00Z,39604,,AF
TLG,M,65,MON FNF,2001-12-01,2001-12-01T08:00:00Z,93123,,AF
TLG,M,65,MON FNF,2002-01-01,2002-01-01T08:00:00Z,108717,,AF
TLG,M,65,MON FNF,2002-02-01,2002-02-01T08:00:00Z,79476,,AF
TLG,M,65,MON FNF,2002-03-01,2002-03-01T08:00:00Z,141421,,AF
TLG,M,65,MON FNF,2002-04-01,2002-04-01T08:00:00Z,301344,,AF
TLG,M,65,MON FNF,2002-05-01,2002-05-01T07:00:00Z,371721,,AF
TLG,M,65,MON FNF,2002-06-01,2002-06-01T07:00:00Z,223295,,AF
TLG,M,65,MON FNF,2002-07-01,2002-07-01T07:00:00Z,24307,,AF
TLG,M,65,MON FNF,2002-08-01,2002-08-01T07:00:00Z,8268,,AF
TLG,M,65,MON FNF,2002-09-01,2002-09-01T07:00:00Z,6172,,AF
TLG,M,65,MON FNF,2002-10-01,2002-10-01T07:00:00Z,28,,AF
TLG,M,65,MON FNF,2002-11-01,2002-11-01T08:00:00Z,68924,,AF
TLG,M,65,MON FNF,2002-12-01,2002-12-01T08:00:00Z,69119,,AF
TLG,M,65,MON FNF,2003-01-01,2003-01-01T08:00:00Z,89266,,AF
TLG,M,65,MON FNF,2003-02-01,2003-02-01T08:00:00Z,64967,,AF
TLG,M,65,MON FNF,2003-03-01,2003-03-01T08:00:00Z,123601,,AF
TLG,M,65,MON FNF,2003-04-01,2003-04-01T08:00:00Z,218261,,AF
TLG,M,65,MON FNF,2003-05-01,2003-05-01T07:00:00Z,520406,,AF
TLG,M,65,MON FNF,2003-06-01,2003-06-01T07:00:00Z,372393,,AF
TLG,M,65,MON FNF,2003-07-01,2003-07-01T07:00:00Z,55418,,AF
TLG,M,65,MON FNF,2003-08-01,2003-08-01T07:00:00Z,29801,,AF
TLG,M,65,MON FNF,2003-09-01,2003-09-01T07:00:00Z,14910,,AF
TLG,M,65,MON FNF,2003-10-01,2003-10-01T07:00:00Z,5290,r,AF
TLG,M,65,MON FNF,2003-11-01,2003-11-01T08:00:00Z,13433,,AF
TLG,M,65,MON FNF,2003-12-01,2003-12-01T08:00:00Z,81967,,AF
TLG,M,65,MON FNF,2004-01-01,2004-01-01T08:00:00Z,70412,,AF
TLG,M,65,MON FNF,2004-02-01,2004-02-01T08:00:00Z,109926,,AF
TLG,M,65,MON FNF,2004-03-01,2004-03-01T08:00:00Z,256982,,AF
TLG,M,65,MON FNF,2004-04-01,2004-04-01T08:00:00Z,264345,,AF
TLG,M,65,MON FNF,2004-05-01,2004-05-01T07:00:00Z,317855,r,AF
TLG,M,65,MON FNF,2004-06-01,2004-06-01T07:00:00Z,147694,,AF
TLG,M,65,MON FNF,2004-07-01,2004-07-01T07:00:00Z,32660,,AF
TLG,M,65,MON FNF,2004-08-01,2004-08-01T07:00:00Z,13385,,AF
TLG,M,65,MON FNF,2004-09-01,2004-09-01T07:00:00Z,7174,,AF
TLG,M,65,MON FNF,2004-10-01,2004-10-01T07:00:00Z,53934,r,AF
TLG,M,65,MON FNF,2004-11-01,2004-11-01T08:00:00Z,54559,,AF
TLG,M,65,MON FNF,2004-12-01,2004-12-01T08:00:00Z,71105,r,AF
TLG,M,65,MON FNF,2005-01-01,2005-01-01T08:00:00Z,259683,,AF
TLG,M,65,MON FNF,2005-02-01,2005-02-01T08:00:00Z,192224,,AF
TLG,M,65,MON FNF,2005-03-01,2005-03-01T08:00:00Z,325003,,AF
TLG,M,65,MON FNF,2005-04-01,2005-04-01T08:00:00Z,305021,,AF
TLG,M,65,MON FNF,2005-05-01,2005-05-01T07:00:00Z,836862,,AF
TLG,M,65,MON FNF,2005-06-01,2005-06-01T07:00:00Z,588840,,AF
TLG,M,65,MON FNF,2005-07-01,2005-07-01T07:00:00Z,257935,,AF
TLG,M,65,MON FNF,2005-08-01,2005-08-01T07:00:00Z,39897,,AF
TLG,M,65,MON FNF,2005-09-01,2005-09-01T07:00:00Z,20893,,AF
TLG,M,65,MON FNF,2005-10-01,2005-10-01T07:00:00Z,14682,r,AF
TLG,M,65,MON FNF,2005-11-01,2005-11-01T08:00:00Z,16323,,AF
TLG,M,65,MON FNF,2005-12-01,2005-12-01T08:00:00Z,248395,r,AF
TLG,M,65,MON FNF,2006-01-01,2006-01-01T08:00:00Z,247956,,AF
TLG,M,65,MON FNF,2006-02-01,2006-02-01T08:00:00Z,154173,,AF
TLG,M,65,MON FNF,2006-03-01,2006-03-01T08:00:00Z,295785,,AF
TLG,M,65,MON FNF,2006-04-01,2006-04-01T08:00:00Z,609828,,AF
TLG,M,65,MON FNF,2006-05-01,2006-05-01T07:00:00Z,816371,,AF
TLG,M,65,MON FNF,2006-06-01,2006-06-01T07:00:00Z,649434,,AF
TLG,M,65,MON FNF,2006-07-01,2006-07-01T07:00:00Z,207553,,AF
TLG,M,65,MON FNF,2006-08-01,2006-08-01T07:00:00Z,37040,r,AF
TLG,M,65,MON FNF,2006-09-01,2006-09-01T07:00:00Z,15370,,AF
TLG,M,65,MON FNF,2006-10-01,2006-10-01T07:00:00Z,10930,r,AF
TLG,M,65,MON FNF,2006-11-01,2006-11-01T08:00:00Z,18748,,AF
TLG,M,65,MON FNF,2006-12-01,2006-12-01T08:00:00Z,29301,r,AF
TLG,M,65,MON FNF,2007-01-01,2007-01-01T08:00:00Z,28003,r,AF
TLG,M,65,MON FNF,2007-02-01,2007-02-01T08:00:00Z,94068,r,AF
TLG,M,65,MON FNF,2007-03-01,2007-03-01T08:00:00Z,147059,,AF
TLG,M,65,MON FNF,2007-04-01,2007-04-01T07:00:00Z,174930,r,AF
TLG,M,65,MON FNF,2007-05-01,2007-05-01T07:00:00Z,251252,,AF
TLG,M,65,MON FNF,2007-06-01,2007-06-01T07:00:00Z,61471,,AF
TLG,M,65,MON FNF,2007-07-01,2007-07-01T07:00:00Z,14872,,AF
TLG,M,65,MON FNF,2007-08-01,2007-08-01T07:00:00Z,10338,,AF
TLG,M,65,MON FNF,2007-09-01,2007-09-01T07:00:00Z,7696,,AF
TLG,M,65,MON FNF,2007-10-01,2007-10-01T07:00:00Z,6859,r,AF
TLG,M,65,MON FNF,2007-11-01,2007-11-01T07:00:00Z,7035,,AF
TLG,M,65,MON FNF,2007-12-01,2007-12-01T08:00:00Z,18032,r,AF
TLG,M,65,MON FNF,2008-01-01,2008-01-01T08:00:00Z,77731,,AF
TLG,M,65,MON FNF,2008-02-01,2008-02-01T08:00:00Z,100736,,AF
TLG,M,65,MON FNF,2008-03-01,2008-03-01T08:00:00Z,123659,,AF
TLG,M,65,MON FNF,2008-04-01,2008-04-01T07:00:00Z,188561,,AF
TLG,M,65,MON FNF,2008-05-01,2008-05-01T07:00:00Z,360341,r,AF
TLG,M,65,MON FNF,2008-06-01,2008-06-01T07:00:00Z,203979,,AF
TLG,M,65,MON FNF,2008-07-01,2008-07-01T07:00:00Z,32469,,AF
TLG,M,65,MON FNF,2008-08-01,2008-08-01T07:00:00Z,4989,,AF
TLG,M,65,MON FNF,2008-09-01,2008-09-01T07:00:00Z,4401,,AF
TLG,M,65,MON FNF,2008-10-01,2008-10-01T07:00:00Z,4312,,AF
TLG,M,65,MON FNF,2008-11-01,2008-11-01T07:00:00Z,61501,,AF
TLG,M,65,MON FNF,2008-12-01,2008-12-01T08:00:00Z,27456,r,AF
TLG,M,65,MON FNF,2009-01-01,2009-01-01T08:00:00Z,105360,,AF
TLG,M,65,MON FNF,2009-02-01,2009-02-01T08:00:00Z,118142,,AF
TLG,M,65,MON FNF,2009-03-01,2009-03-01T08:00:00Z,228343,,AF
TLG,M,65,MON FNF,2009-04-01,2009-04-01T07:00:00Z,259796,r,AF
TLG,M,65,MON FNF,2009-05-01,2009-05-01T07:00:00Z,563144,,AF
TLG,M,65,MON FNF,2009-06-01,2009-06-01T07:00:00Z,225187,r,AF
TLG,M,65,MON FNF,2009-07-01,2009-07-01T07:00:00Z,56825,,AF
TLG,M,65,MON FNF,2009-08-01,2009-08-01T07:00:00Z,8527,,AF
TLG,M,65,MON FNF,2009-09-01,2009-09-01T07:00:00Z,6514,,AF
TLG,M,65,MON FNF,2009-10-01,2009-10-01T07:00:00Z,54425,,AF
TLG,M,65,MON FNF,2009-11-01,2009-11-01T07:00:00Z,11379,,AF
TLG,M,65,MON FNF,2009-12-01,2009-12-01T08:00:00Z,38607,,AF
TLG,M,65,MON FNF,2010-01-01,2010-01-01T08:00:00Z,90384,,AF
TLG,M,65,MON FNF,2010-02-01,2010-02-01T08:00:00Z,103469,,AF
TLG,M,65,MON FNF,2010-03-01,2010-03-01T08:00:00Z,160717,,AF
TLG,M,65,MON FNF,2010-04-01,2010-04-01T07:00:00Z,249967,,AF
TLG,M,65,MON FNF,2010-05-01,2010-05-01T07:00:00Z,386298,,AF
TLG,M,65,MON FNF,2010-06-01,2010-06-01T07:00:00Z,629376,,AF
TLG,M,65,MON FNF,2010-07-01,2010-07-01T07:00:00Z,142753,,AF
TLG,M,65,MON FNF,2010-08-01,2010-08-01T07:00:00Z,13999,r,AF
TLG,M,65,MON FNF,2010-09-01,2010-09-01T07:00:00Z,6169,r,AF
TLG,M,65,MON FNF,2010-10-01,2010-10-01T07:00:00Z,107671,,AF
TLG,M,65,MON FNF,2010-11-01,2010-11-01T07:00:00Z,80548,r,AF
TLG,M,65,MON FNF,2010-12-01,2010-12-01T08:00:00Z,336431,r,AF
TLG,M,65,MON FNF,2011-01-01,2011-01-01T08:00:00Z,171791,r,AF
TLG,M,65,MON FNF,2011-02-01,2011-02-01T08:00:00Z,138775,r,AF
TLG,M,65,MON FNF,2011-03-01,2011-03-01T08:00:00Z,413537,r,AF
TLG,M,65,MON FNF,2011-04-01,2011-04-01T07:00:00Z,433460,r,AF
TLG,M,65,MON FNF,2011-05-01,2011-05-01T07:00:00Z,520414,r,AF
TLG,M,65,MON FNF,2011-06-01,2011-06-01T07:00:00Z,772916,r,AF
TLG,M,65,MON FNF,2011-07-01,2011-07-01T07:00:00Z,445711,r,AF
TLG,M,65,MON FNF,2011-08-01,2011-08-01T07:00:00Z,78348,,AF
TLG,M,65,MON FNF,2011-09-01,2011-09-01T07:00:00Z,24652,r,AF
TLG,M,65,MON FNF,2011-10-01,2011-10-01T07:00:00Z,41218,r,AF
TLG,M,65,MON FNF,2011-11-01,2011-11-01T07:00:00Z,19257,r,AF
TLG,M,65,MON FNF,2011-12-01,2011-12-01T08:00:00Z,5431,r,AF
TLG,M,65,MON FNF,2012-01-01,2012-01-01T08:00:00Z,48184,r,AF
TLG,M,65,MON FNF,2012-02-01,2012-02-01T08:00:00Z,33460,,AF
TLG,M,65,MON FNF,2012-03-01,2012-03-01T08:00:00Z,106774,,AF
TLG,M,65,MON FNF,2012-04-01,2012-04-01T07:00:00Z,289238,,AF
TLG,M,65,MON FNF,2012-05-01,2012-05-01T07:00:00Z,250568,,AF
TLG,M,65,MON FNF,2012-06-01,2012-06-01T07:00:00Z,56643,,AF
TLG,M,65,MON FNF,2012-07-01,2012-07-01T07:00:00Z,12975,,AF
TLG,M,65,MON FNF,2012-08-01,2012-08-01T07:00:00Z,7621,,AF
TLG,M,65,MON FNF,2012-09-01,2012-09-01T07:00:00Z,4100,,AF
TLG,M,65,MON FNF,2012-10-01,2012-10-01T07:00:00Z,3509,,AF
TLG,M,65,MON FNF,2012-11-01,2012-11-01T07:00:00Z,32793,,AF
TLG,M,65,MON FNF,2012-12-01,2012-12-01T08:00:00Z,192120,,AF
TLG,M,65,MON FNF,2013-01-01,2013-01-01T08:00:00Z,73338,,AF
TLG,M,65,MON FNF,2013-02-01,2013-02-01T08:00:00Z,49532,,AF
TLG,M,65,MON FNF,2013-03-01,2013-03-01T08:00:00Z,125520,,AF
TLG,M,65,MON FNF,2013-04-01,2013-04-01T07:00:00Z,232177,,AF
TLG,M,65,MON FNF,2013-05-01,2013-05-01T07:00:00Z,245796,,AF
TLG,M,65,MON FNF,2013-06-01,2013-06-01T07:00:00Z,98834,,AF
TLG,M,65,MON FNF,2013-07-01,2013-07-01T07:00:00Z,20235,,AF
TLG,M,65,MON FNF,2013-08-01,2013-08-01T07:00:00Z,8926,,AF
TLG,M,65,MON FNF,2013-09-01,2013-09-01T07:00:00Z,4368,,AF
TLG,M,65,MON FNF,2013-10-01,2013-10-01T07:00:00Z,5276,,AF
TLG,M,65,MON FNF,2013-11-01,2013-11-01T07:00:00Z,4907,,AF
TLG,M,65,MON FNF,2013-12-01,2013-12-01T08:00:00Z,5625,,AF
