Date,01,02,03,04,05,06,07,08,09,10,11,12
2025-01-01,3330.3771686937293,5557.070486729189,21224.679731267184,36190.3491676844,103524.10815022411,9316.991604063069,2410.875301889859,2442.388840293883,1104.500256909416,1720.7981256753599,3691.0890577054083,3911.924983066231
2025-02-01,5557.070486729189,21224.679731267184,36190.3491676844,103524.10815022411,9316.991604063069,2410.875301889859,2442.388840293883,1104.500256909416,1720.7981256753599,3691.0890577054083,3911.924983066231,11633.821401378857
2025-03-01,19925.222375457975,35350.416905064456,98150.05858969942,15544.971446265594,3152.7495135527806,2397.068440860051,1251.5661325059637,1720.7981256753599,3691.0890577054083,3911.924983066231,11633.821401378857,13549.87334953865
2025-04-01,34720.46770809951,94119.52141930591,20215.95632791749,3709.1551722999716,2363.0781412846773,1361.8655392033745,1720.7981256753599,3691.0890577054083,3911.924983066231,11633.821401378857,13549.87334953865,18913.707976992366
2025-05-01,94119.52141930591,20215.95632791749,3709.1551722999716,2363.0781412846773,1361.8655392033745,1720.7981256753599,3691.0890577054083,3911.924983066231,11633.821401378857,13549.87334953865,18913.707976992366,34775.3428479813
2025-06-01,20215.95632791749,3709.1551722999716,2363.0781412846773,1361.8655392033745,1720.7981256753599,3691.0890577054083,3911.924983066231,11633.821401378857,13549.87334953865,18913.707976992366,34775.3428479813,97967.4073942505
2025-07-01,3709.1551722999716,2363.0781412846773,1361.8655392033745,1720.7981256753599,3691.0890577054083,3911.924983066231,11633.821401378857,13549.87334953865,18913.707976992366,34775.3428479813,97967.4073942505,44890.82042248067
2025-08-01,2363.0781412846773,1361.8655392033745,1720.7981256753599,3691.0890577054083,3911.924983066231,11633.821401378857,13549.87334953865,18913.707976992366,34775.3428479813,97967.4073942505,44890.82042248067,7764.6186381636
2025-09-01,1361.8655392033745,1720.7981256753599,3691.0890577054083,3911.924983066231,11633.821401378857,13549.87334953865,18913.707976992366,34775.3428479813,97967.4073942505,44890.82042248067,7764.6186381636,2540.7249162302396
2025-10-01,1720.7981256753599,3691.0890577054083,3911.924983066231,11633.821401378857,13549.87334953865,18913.707976992366,34775.3428479813,97967.4073942505,44890.82042248067,7764.6186381636,2540.7249162302396,1438.8513819566188
2025-11-01,3691.0890577054083,3911.924983066231,11633.821401378857,13549.87334953865,18913.707976992366,34775.3428479813,97967.4073942505,44890.82042248067,7764.6186381636,2540.7249162302396,1438.8513819566188,2121.34086209588
2025-12-01,3911.924983066231,11633.821401378857,13549.87334953865,18913.707976992366,34775.3428479813,97967.4073942505,44890.82042248067,7764.6186381636,2540.7249162302396,1438.8513819566188,2121.34086209588,4696.364582032224
2026-01-01,32346.6446834449,29220.985356003956,21058.533514028026,36437.28729715247,120839.59503747476,120353.88002959738,20660.460898276182,3241.7993275489116,1450.9365492990144,2121.34086209588,4696.364582032224,4988.099576081568
2026-02-01,29220.985356003956,21058.533514028026,36437.28729715247,120839.59503747476,120353.88002959738,20660.460898276182,3241.7993275489116,1450.9365492990144,2121.34086209588,4696.364582032224,4988.099576081568,5416.691106421671
2026-03-01,19832.91892143622,35487.604754768945,107769.7735270609,77232.13168267354,13291.40817821185,2841.185378223956,1444.030739389074,2121.34086209588,4696.364582032224,4988.099576081568,5416.691106421671,11105.703620857694
2026-04-01,34775.3428479813,97967.4073942505,44890.82042248067,7764.6186381636,2540.7249162302396,1438.8513819566188,2121.34086209588,4696.364582032224,4988.099576081568,5416.691106421671,11105.703620857694,24154.22463989875
2026-05-01,97967.4073942505,44890.82042248067,7764.6186381636,2540.7249162302396,1438.8513819566188,2121.34086209588,4696.364582032224,4988.099576081568,5416.691106421671,11105.703620857694,24154.22463989875,34828.59703482107
2026-06-01,44890.82042248067,7764.6186381636,2540.7249162302396,1438.8513819566188,2121.34086209588,4696.364582032224,4988.099576081568,5416.691106421671,11105.703620857694,24154.22463989875,34828.59703482107,96915.26088648583
2026-07-01,7764.6186381636,2540.7249162302396,1438.8513819566188,2121.34086209588,4696.364582032224,4988.099576081568,5416.691106421671,11105.703620857694,24154.22463989875,34828.59703482107,96915.26088648583,70490.91930715943
2026-08-01,2540.7249162302396,1438.8513819566188,2121.34086209588,4696.364582032224,4988.099576081568,5416.691106421671,11105.703620857694,24154.22463989875,34828.59703482107,96915.26088648583,70490.91930715943,11152.099603321913
2026-09-01,1438.8513819566188,2121.34086209588,4696.364582032224,4988.099576081568,5416.691106421671,11105.703620857694,24154.22463989875,34828.59703482107,96915.26088648583,70490.91930715943,11152.099603321913,3039.4286780064085
2026-10-01,2121.34086209588,4696.364582032224,4988.099576081568,5416.691106421671,11105.703620857694,24154.22463989875,34828.59703482107,96915.26088648583,70490.91930715943,11152.099603321913,3039.4286780064085,1494.9460666566986
2026-11-01,4696.364582032224,4988.099576081568,5416.691106421671,11105.703620857694,24154.22463989875,34828.59703482107,96915.26088648583,70490.91930715943,11152.099603321913,3039.4286780064085,1494.9460666566986,2315.242618526888
2026-12-01,4988.099576081568,5416.691106421671,11105.703620857694,24154.22463989875,34828.59703482107,96915.26088648583,70490.91930715943,11152.099603321913,3039.4286780064085,1494.9460666566986,2315.242618526888,3635.472448936702
2027-01-01,4369.558356137574,18222.221576939657,44640.85849710677,36676.931137931424,116104.93575253378,235554.32501065184,35904.12524148859,5485.966255541673,1703.362630449374,2315.242618526888,3635.472448936702,4327.9689099671905
2027-02-01,18222.221576939657,44640.85849710677,36676.931137931424,116104.93575253378,235554.32501065184,35904.12524148859,5485.966255541673,1703.362630449374,2315.242618526888,3635.472448936702,4327.9689099671905,5200.27606945107
2027-03-01,32934.21057870219,35620.740221868364,105139.40725764923,141232.37889437046,21760.11059110763,4087.944782664379,1584.2674511392738,2315.242618526888,3635.472448936702,4327.9689099671905,5200.27606945107,9297.50259915684
2027-04-01,34828.59703482107,96915.26088648583,70490.91930715943,11152.099603321913,3039.4286780064085,1494.9460666566986,2315.242618526888,3635.472448936702,4327.9689099671905,5200.27606945107,9297.50259915684,17554.171990295115
2027-05-01,96915.26088648583,70490.91930715943,11152.099603321913,3039.4286780064085,1494.9460666566986,2315.242618526888,3635.472448936702,4327.9689099671905,5200.27606945107,9297.50259915684,17554.171990295115,32601.04663413802
2027-06-01,70490.91930715943,11152.099603321913,3039.4286780064085,1494.9460666566986,2315.242618526888,3635.472448936702,4327.9689099671905,5200.27606945107,9297.50259915684,17554.171990295115,32601.04663413802,104637.17035613638
2027-07-01,11152.099603321913,3039.4286780064085,1494.9460666566986,2315.242618526888,3635.472448936702,4327.9689099671905,5200.27606945107,9297.50259915684,17554.171990295115,32601.04663413802,104637.17035613638,53746.045300516125
2027-08-01,3039.4286780064085,1494.9460666566986,2315.242618526888,3635.472448936702,4327.9689099671905,5200.27606945107,9297.50259915684,17554.171990295115,32601.04663413802,104637.17035613638,53746.045300516125,5867.239743629975
2027-09-01,1494.9460666566986,2315.242618526888,3635.472448936702,4327.9689099671905,5200.27606945107,9297.50259915684,17554.171990295115,32601.04663413802,104637.17035613638,53746.045300516125,5867.239743629975,2408.453441748386
2027-10-01,2315.242618526888,3635.472448936702,4327.9689099671905,5200.27606945107,9297.50259915684,17554.171990295115,32601.04663413802,104637.17035613638,53746.045300516125,5867.239743629975,2408.453441748386,1442.6392509751151
2027-11-01,3635.472448936702,4327.9689099671905,5200.27606945107,9297.50259915684,17554.171990295115,32601.04663413802,104637.17035613638,53746.045300516125,5867.239743629975,2408.453441748386,1442.6392509751151,1754.5842080946163
2027-12-01,4327.9689099671905,5200.27606945107,9297.50259915684,17554.171990295115,32601.04663413802,104637.17035613638,53746.045300516125,5867.239743629975,2408.453441748386,1442.6392509751151,1754.5842080946163,3174.465450296403
2028-01-01,3395.6906897698696,10085.31697928581,14940.621573890394,26652.954334857703,150853.52836596122,160202.39198075695,12122.255872874874,2646.5776923805724,1467.9819598822487,1754.5842080946163,3174.465450296403,3736.5119902143515
2028-02-01,10085.31697928581,14940.621573890394,26652.954334857703,150853.52836596122,160202.39198075695,12122.255872874874,2646.5776923805724,1467.9819598822487,1754.5842080946163,3174.465450296403,3736.5119902143515,5367.506438474384
2028-03-01,16434.07895469309,30051.86422016074,124444.1809317756,99370.19387776218,8547.960941877789,2510.506692019323,1453.5004119353152,1754.5842080946163,3174.465450296403,3736.5119902143515,5367.506438474384,10057.671584306207
2028-04-01,32601.04663413802,104637.17035613638,53746.045300516125,5867.239743629975,2408.453441748386,1442.6392509751151,1754.5842080946163,3174.465450296403,3736.5119902143515,5367.506438474384,10057.671584306207,17756.339600853906
2028-05-01,104637.17035613638,53746.045300516125,5867.239743629975,2408.453441748386,1442.6392509751151,1754.5842080946163,3174.465450296403,3736.5119902143515,5367.506438474384,10057.671584306207,17756.339600853906,30906.33252782674
2028-06-01,53746.045300516125,5867.239743629975,2408.453441748386,1442.6392509751151,1754.5842080946163,3174.465450296403,3736.5119902143515,5367.506438474384,10057.671584306207,17756.339600853906,30906.33252782674,92569.08853675437
2028-07-01,5867.239743629975,2408.453441748386,1442.6392509751151,1754.5842080946163,3174.465450296403,3736.5119902143515,5367.506438474384,10057.671584306207,17756.339600853906,30906.33252782674,92569.08853675437,22999.92868580669
2028-08-01,2408.453441748386,1442.6392509751151,1754.5842080946163,3174.465450296403,3736.5119902143515,5367.506438474384,10057.671584306207,17756.339600853906,30906.33252782674,92569.08853675437,22999.92868580669,4099.540330380533
2028-09-01,1442.6392509751151,1754.5842080946163,3174.465450296403,3736.5119902143515,5367.506438474384,10057.671584306207,17756.339600853906,30906.33252782674,92569.08853675437,22999.92868580669,4099.540330380533,2317.7577418508454
2028-10-01,1754.5842080946163,3174.465450296403,3736.5119902143515,5367.506438474384,10057.671584306207,17756.339600853906,30906.33252782674,92569.08853675437,22999.92868580669,4099.540330380533,2317.7577418508454,2658.7656024018843
2028-11-01,3174.465450296403,3736.5119902143515,5367.506438474384,10057.671584306207,17756.339600853906,30906.33252782674,92569.08853675437,22999.92868580669,4099.540330380533,2317.7577418508454,2658.7656024018843,4030.9411660892442
2028-12-01,3736.5119902143515,5367.506438474384,10057.671584306207,17756.339600853906,30906.33252782674,92569.08853675437,22999.92868580669,4099.540330380533,2317.7577418508454,2658.7656024018843,4030.9411660892442,6483.721161325073
2029-01-01,4148.227350374781,13506.077412457966,15850.375821404952,19026.740856456945,96547.16017874212,21844.86721456447,4167.608513252387,2238.44704284164,6940.5505413027095,4030.9411660892442,6483.721161325073,6001.56455151315
2029-02-01,13506.077412457966,15850.375821404952,19026.740856456945,96547.16017874212,21844.86721456447,4167.608513252387,2238.44704284164,6940.5505413027095,4030.9411660892442,6483.721161325073,6001.56455151315,9060.563592334925
2029-03-01,16939.49798109007,25815.078954382545,94273.97638332055,22504.902340988592,4128.712408754185,2283.7674422754717,4493.816290502238,4030.9411660892442,6483.721161325073,6001.56455151315,9060.563592334925,10134.023961977622
2029-04-01,30906.33252782674,92569.08853675437,22999.92868580669,4099.540330380533,2317.7577418508454,2658.7656024018843,4030.9411660892442,6483.721161325073,6001.56455151315,9060.563592334925,10134.023961977622,19458.968625761216
2029-05-01,92569.08853675437,22999.92868580669,4099.540330380533,2317.7577418508454,2658.7656024018843,4030.9411660892442,6483.721161325073,6001.56455151315,9060.563592334925,10134.023961977622,19458.968625761216,34593.5947158909
2029-06-01,22999.92868580669,4099.540330380533,2317.7577418508454,2658.7656024018843,4030.9411660892442,6483.721161325073,6001.56455151315,9060.563592334925,10134.023961977622,19458.968625761216,34593.5947158909,95160.47686033444
2029-07-01,4099.540330380533,2317.7577418508454,2658.7656024018843,4030.9411660892442,6483.721161325073,6001.56455151315,9060.563592334925,10134.023961977622,19458.968625761216,34593.5947158909,95160.47686033444,61671.30473680992
2029-08-01,2317.7577418508454,2658.7656024018843,4030.9411660892442,6483.721161325073,6001.56455151315,9060.563592334925,10134.023961977622,19458.968625761216,34593.5947158909,95160.47686033444,61671.30473680992,10228.96782488514
2029-09-01,2658.7656024018843,4030.9411660892442,6483.721161325073,6001.56455151315,9060.563592334925,10134.023961977622,19458.968625761216,34593.5947158909,95160.47686033444,61671.30473680992,10228.96782488514,2657.5444480506617
2029-10-01,4030.9411660892442,6483.721161325073,6001.56455151315,9060.563592334925,10134.023961977622,19458.968625761216,34593.5947158909,95160.47686033444,61671.30473680992,10228.96782488514,2657.5444480506617,6044.056758368588
2029-11-01,6483.721161325073,6001.56455151315,9060.563592334925,10134.023961977622,19458.968625761216,34593.5947158909,95160.47686033444,61671.30473680992,10228.96782488514,2657.5444480506617,6044.056758368588,5300.9180448001425
2029-12-01,6001.56455151315,9060.563592334925,10134.023961977622,19458.968625761216,34593.5947158909,95160.47686033444,61671.30473680992,10228.96782488514,2657.5444480506617,6044.056758368588,5300.9180448001425,3215.0649066008173
2030-01-01,20766.984542747217,13849.663111979336,23512.206433487863,35619.42070274563,108208.40763485253,195866.059444079,31750.032238523112,3767.487220740812,22174.360743152876,5300.9180448001425,3215.0649066008173,3734.215455663787
2030-02-01,13849.663111979336,23512.206433487863,35619.42070274563,108208.40763485253,195866.059444079,31750.032238523112,3767.487220740812,22174.360743152876,5300.9180448001425,3215.0649066008173,3734.215455663787,5706.154335207215
2030-03-01,21196.07054335835,35033.23442454293,100752.44719227076,119183.34246849666,19452.2811450157,3133.234207775012,12957.044180418996,5300.9180448001425,3215.0649066008173,3734.215455663787,5706.154335207215,8379.73891294537
2030-04-01,34593.5947158909,95160.47686033444,61671.30473680992,10228.96782488514,2657.5444480506617,6044.056758368588,5300.9180448001425,3215.0649066008173,3734.215455663787,5706.154335207215,8379.73891294537,17381.275683734737
2030-05-01,95160.47686033444,61671.30473680992,10228.96782488514,2657.5444480506617,6044.056758368588,5300.9180448001425,3215.0649066008173,3734.215455663787,5706.154335207215,8379.73891294537,17381.275683734737,30017.94456459811
2030-06-01,61671.30473680992,10228.96782488514,2657.5444480506617,6044.056758368588,5300.9180448001425,3215.0649066008173,3734.215455663787,5706.154335207215,8379.73891294537,17381.275683734737,30017.94456459811,75592.5037763575
2030-07-01,10228.96782488514,2657.5444480506617,6044.056758368588,5300.9180448001425,3215.0649066008173,3734.215455663787,5706.154335207215,8379.73891294537,17381.275683734737,30017.94456459811,75592.5037763575,19443.725630291246
2030-08-01,2657.5444480506617,6044.056758368588,5300.9180448001425,3215.0649066008173,3734.215455663787,5706.154335207215,8379.73891294537,17381.275683734737,30017.94456459811,75592.5037763575,19443.725630291246,3675.3724944962432
2030-09-01,6044.056758368588,5300.9180448001425,3215.0649066008173,3734.215455663787,5706.154335207215,8379.73891294537,17381.275683734737,30017.94456459811,75592.5037763575,19443.725630291246,3675.3724944962432,2170.5784430660215
2030-10-01,5300.9180448001425,3215.0649066008173,3734.215455663787,5706.154335207215,8379.73891294537,17381.275683734737,30017.94456459811,75592.5037763575,19443.725630291246,3675.3724944962432,2170.5784430660215,1355.7713251264888
2030-11-01,3215.0649066008173,3734.215455663787,5706.154335207215,8379.73891294537,17381.275683734737,30017.94456459811,75592.5037763575,19443.725630291246,3675.3724944962432,2170.5784430660215,1355.7713251264888,3036.737077184306
2030-12-01,3734.215455663787,5706.154335207215,8379.73891294537,17381.275683734737,30017.94456459811,75592.5037763575,19443.725630291246,3675.3724944962432,2170.5784430660215,1355.7713251264888,3036.737077184306,2876.642144755056
2031-01-01,5672.142885672522,5955.380391334195,14162.588194368702,15028.995021928105,20152.528756956228,5841.953464744976,2258.8532517730805,1576.140198309931,1077.07629356343,3036.737077184306,2876.642144755056,10111.491046868137
2031-02-01,5955.380391334195,14162.588194368702,15028.995021928105,20152.528756956228,5841.953464744976,2258.8532517730805,1576.140198309931,1077.07629356343,3036.737077184306,2876.642144755056,10111.491046868137,7853.563546614391
2031-03-01,16001.83818829215,23594.109046310965,51832.51448232838,13614.394702199988,3068.292819043459,1915.819195313411,1236.3305973137494,3036.737077184306,2876.642144755056,10111.491046868137,7853.563546614391,11144.295402596204
2031-04-01,30017.94456459811,75592.5037763575,19443.725630291246,3675.3724944962432,2170.5784430660215,1355.7713251264888,3036.737077184306,2876.642144755056,10111.491046868137,7853.563546614391,11144.295402596204,19205.761842453052
2031-05-01,75592.5037763575,19443.725630291246,3675.3724944962432,2170.5784430660215,1355.7713251264888,3036.737077184306,2876.642144755056,10111.491046868137,7853.563546614391,11144.295402596204,19205.761842453052,40856.77991494027
2031-06-01,19443.725630291246,3675.3724944962432,2170.5784430660215,1355.7713251264888,3036.737077184306,2876.642144755056,10111.491046868137,7853.563546614391,11144.295402596204,19205.761842453052,40856.77991494027,96302.38146111763
2031-07-01,3675.3724944962432,2170.5784430660215,1355.7713251264888,3036.737077184306,2876.642144755056,10111.491046868137,7853.563546614391,11144.295402596204,19205.761842453052,40856.77991494027,96302.38146111763,38280.209856476824
2031-08-01,2170.5784430660215,1355.7713251264888,3036.737077184306,2876.642144755056,10111.491046868137,7853.563546614391,11144.295402596204,19205.761842453052,40856.77991494027,96302.38146111763,38280.209856476824,18635.344890452885
2031-09-01,1355.7713251264888,3036.737077184306,2876.642144755056,10111.491046868137,7853.563546614391,11144.295402596204,19205.761842453052,40856.77991494027,96302.38146111763,38280.209856476824,18635.344890452885,2604.9928874766074
2031-10-01,3036.737077184306,2876.642144755056,10111.491046868137,7853.563546614391,11144.295402596204,19205.761842453052,40856.77991494027,96302.38146111763,38280.209856476824,18635.344890452885,2604.9928874766074,1561.461430506491
2031-11-01,2876.642144755056,10111.491046868137,7853.563546614391,11144.295402596204,19205.761842453052,40856.77991494027,96302.38146111763,38280.209856476824,18635.344890452885,2604.9928874766074,1561.461430506491,2146.6275362857973
2031-12-01,10111.491046868137,7853.563546614391,11144.295402596204,19205.761842453052,40856.77991494027,96302.38146111763,38280.209856476824,18635.344890452885,2604.9928874766074,1561.461430506491,2146.6275362857973,2706.382634665355
2032-01-01,15335.484337004815,18395.884594762952,22372.77590860113,63803.754098467834,113346.9783383769,90606.13248258007,69578.72903357797,3531.0051981575666,2002.6817677734398,2146.6275362857973,2706.382634665355,3992.1841119897354
2032-02-01,18395.884594762952,22372.77590860113,63803.754098467834,113346.9783383769,90606.13248258007,69578.72903357797,3531.0051981575666,2002.6817677734398,2146.6275362857973,2706.382634665355,3992.1841119897354,5186.73832104277
2032-03-01,20563.053585087942,50691.19742216637,103607.20869422874,60705.60526766392,40468.22380893506,3001.8553063398754,1750.555860763755,2146.6275362857973,2706.382634665355,3992.1841119897354,5186.73832104277,8413.965811204653
2032-04-01,40856.77991494027,96302.38146111763,38280.209856476824,18635.344890452885,2604.9928874766074,1561.461430506491,2146.6275362857973,2706.382634665355,3992.1841119897354,5186.73832104277,8413.965811204653,17084.62114752808
2032-05-01,96302.38146111763,38280.209856476824,18635.344890452885,2604.9928874766074,1561.461430506491,2146.6275362857973,2706.382634665355,3992.1841119897354,5186.73832104277,8413.965811204653,17084.62114752808,34306.760693316806
2032-06-01,38280.209856476824,18635.344890452885,2604.9928874766074,1561.461430506491,2146.6275362857973,2706.382634665355,3992.1841119897354,5186.73832104277,8413.965811204653,17084.62114752808,34306.760693316806,100070.4909374106
2032-07-01,18635.344890452885,2604.9928874766074,1561.461430506491,2146.6275362857973,2706.382634665355,3992.1841119897354,5186.73832104277,8413.965811204653,17084.62114752808,34306.760693316806,100070.4909374106,51264.80747415421
2032-08-01,2604.9928874766074,1561.461430506491,2146.6275362857973,2706.382634665355,3992.1841119897354,5186.73832104277,8413.965811204653,17084.62114752808,34306.760693316806,100070.4909374106,51264.80747415421,5636.851288109499
2032-09-01,1561.461430506491,2146.6275362857973,2706.382634665355,3992.1841119897354,5186.73832104277,8413.965811204653,17084.62114752808,34306.760693316806,100070.4909374106,51264.80747415421,5636.851288109499,2278.514783940566
2032-10-01,2146.6275362857973,2706.382634665355,3992.1841119897354,5186.73832104277,8413.965811204653,17084.62114752808,34306.760693316806,100070.4909374106,51264.80747415421,5636.851288109499,2278.514783940566,1408.7784814589345
2032-11-01,2706.382634665355,3992.1841119897354,5186.73832104277,8413.965811204653,17084.62114752808,34306.760693316806,100070.4909374106,51264.80747415421,5636.851288109499,2278.514783940566,1408.7784814589345,1739.9978441337155
2032-12-01,3992.1841119897354,5186.73832104277,8413.965811204653,17084.62114752808,34306.760693316806,100070.4909374106,51264.80747415421,5636.851288109499,2278.514783940566,1408.7784814589345,1739.9978441337155,2880.5776912293013
2033-01-01,3334.7708219325173,6109.401433500976,12827.642781438743,34328.66760116223,130303.47098169524,149036.82176212827,11085.507823032734,2061.853732245381,1315.6084970594359,1739.9978441337155,2880.5776912293013,3772.0458330301785
2033-02-01,6109.401433500976,12827.642781438743,34328.66760116223,130303.47098169524,149036.82176212827,11085.507823032734,2061.853732245381,1315.6084970594359,1739.9978441337155,2880.5776912293013,3772.0458330301785,5439.723950090374
2033-03-01,15260.201847775506,34316.149368107705,113027.48238496116,93167.09931185737,7971.9898030766,2185.660047499772,1368.8484881448637,1739.9978441337155,2880.5776912293013,3772.0458330301785,5439.723950090374,8674.944603942406
2033-04-01,34306.760693316806,100070.4909374106,51264.80747415421,5636.851288109499,2278.514783940566,1408.7784814589345,1739.9978441337155,2880.5776912293013,3772.0458330301785,5439.723950090374,8674.944603942406,17332.521954372856
2033-05-01,100070.4909374106,51264.80747415421,5636.851288109499,2278.514783940566,1408.7784814589345,1739.9978441337155,2880.5776912293013,3772.0458330301785,5439.723950090374,8674.944603942406,17332.521954372856,35204.53442679513
2033-06-01,51264.80747415421,5636.851288109499,2278.514783940566,1408.7784814589345,1739.9978441337155,2880.5776912293013,3772.0458330301785,5439.723950090374,8674.944603942406,17332.521954372856,35204.53442679513,81984.45595531713
2033-07-01,5636.851288109499,2278.514783940566,1408.7784814589345,1739.9978441337155,2880.5776912293013,3772.0458330301785,5439.723950090374,8674.944603942406,17332.521954372856,35204.53442679513,81984.45595531713,20129.62830919872
2033-08-01,2278.514783940566,1408.7784814589345,1739.9978441337155,2880.5776912293013,3772.0458330301785,5439.723950090374,8674.944603942406,17332.521954372856,35204.53442679513,81984.45595531713,20129.62830919872,3657.8819465408305
2033-09-01,1408.7784814589345,1739.9978441337155,2880.5776912293013,3772.0458330301785,5439.723950090374,8674.944603942406,17332.521954372856,35204.53442679513,81984.45595531713,20129.62830919872,3657.8819465408305,2371.080843086644
2033-10-01,1739.9978441337155,2880.5776912293013,3772.0458330301785,5439.723950090374,8674.944603942406,17332.521954372856,35204.53442679513,81984.45595531713,20129.62830919872,3657.8819465408305,2371.080843086644,1632.7344279899912
2033-11-01,2880.5776912293013,3772.0458330301785,5439.723950090374,8674.944603942406,17332.521954372856,35204.53442679513,81984.45595531713,20129.62830919872,3657.8819465408305,2371.080843086644,1632.7344279899912,1834.7121771141647
2033-12-01,3772.0458330301785,5439.723950090374,8674.944603942406,17332.521954372856,35204.53442679513,81984.45595531713,20129.62830919872,3657.8819465408305,2371.080843086644,1632.7344279899912,1834.7121771141647,2838.04620782422
2034-01-01,4473.206152646738,7283.80600082086,13943.19641224024,38368.64940181469,48916.31356227456,8928.515519828601,2180.145785973724,2478.4009984027334,2323.4102564491914,1834.7121771141647,2838.04620782422,3979.2756836444237
2034-02-01,7283.80600082086,13943.19641224024,38368.64940181469,48916.31356227456,8928.515519828601,2180.145785973724,2478.4009984027334,2323.4102564491914,1834.7121771141647,2838.04620782422,3979.2756836444237,4978.580147802837
2034-03-01,15879.953864887451,36560.58370180351,67812.39492972745,15329.151399468668,3024.5664491549273,2417.075195364968,1928.7383544725053,1834.7121771141647,2838.04620782422,3979.2756836444237,4978.580147802837,8622.493154563643
2034-04-01,35204.53442679513,81984.45595531713,20129.62830919872,3657.8819465408305,2371.080843086644,1632.7344279899912,1834.7121771141647,2838.04620782422,3979.2756836444237,4978.580147802837,8622.493154563643,16244.222960308582
2034-05-01,81984.45595531713,20129.62830919872,3657.8819465408305,2371.080843086644,1632.7344279899912,1834.7121771141647,2838.04620782422,3979.2756836444237,4978.580147802837,8622.493154563643,16244.222960308582,32176.92453860949
2034-06-01,20129.62830919872,3657.8819465408305,2371.080843086644,1632.7344279899912,1834.7121771141647,2838.04620782422,3979.2756836444237,4978.580147802837,8622.493154563643,16244.222960308582,32176.92453860949,78762.77446930733
2034-07-01,3657.8819465408305,2371.080843086644,1632.7344279899912,1834.7121771141647,2838.04620782422,3979.2756836444237,4978.580147802837,8622.493154563643,16244.222960308582,32176.92453860949,78762.77446930733,20763.329631760345
2034-08-01,2371.080843086644,1632.7344279899912,1834.7121771141647,2838.04620782422,3979.2756836444237,4978.580147802837,8622.493154563643,16244.222960308582,32176.92453860949,78762.77446930733,20763.329631760345,3859.0631546628656
2034-09-01,1632.7344279899912,1834.7121771141647,2838.04620782422,3979.2756836444237,4978.580147802837,8622.493154563643,16244.222960308582,32176.92453860949,78762.77446930733,20763.329631760345,3859.0631546628656,2490.0170576338164
2034-10-01,1834.7121771141647,2838.04620782422,3979.2756836444237,4978.580147802837,8622.493154563643,16244.222960308582,32176.92453860949,78762.77446930733,20763.329631760345,3859.0631546628656,2490.0170576338164,1445.3356374617179
2034-11-01,2838.04620782422,3979.2756836444237,4978.580147802837,8622.493154563643,16244.222960308582,32176.92453860949,78762.77446930733,20763.329631760345,3859.0631546628656,2490.0170576338164,1445.3356374617179,1710.3402004595632
2034-12-01,3979.2756836444237,4978.580147802837,8622.493154563643,16244.222960308582,32176.92453860949,78762.77446930733,20763.329631760345,3859.0631546628656,2490.0170576338164,1445.3356374617179,1710.3402004595632,2706.95817348708
2035-01-01,2398.059042352822,7047.77447861643,9045.850938951,24744.404904979332,34418.746875230485,11780.171471355914,3085.4612225228807,3013.613963865009,1480.1156990719608,1710.3402004595632,2706.95817348708,7047.801510364387
2035-02-01,7047.77447861643,9045.850938951,24744.404904979332,34418.746875230485,11780.171471355914,3085.4612225228807,3013.613963865009,1480.1156990719608,1710.3402004595632,2706.95817348708,7047.801510364387,10654.768432629562
2035-03-01,13159.20637972676,28991.558981339425,59758.191214702965,16913.40470587273,3527.5194694600145,2714.415731732899,1460.2413781518221,1710.3402004595632,2706.95817348708,7047.801510364387,10654.768432629562,8404.691986557194
2035-04-01,32176.92453860949,78762.77446930733,20763.329631760345,3859.0631546628656,2490.0170576338164,1445.3356374617179,1710.3402004595632,2706.95817348708,7047.801510364387,10654.768432629562,8404.691986557194,22374.165336995713
2035-05-01,78762.77446930733,20763.329631760345,3859.0631546628656,2490.0170576338164,1445.3356374617179,1710.3402004595632,2706.95817348708,7047.801510364387,10654.768432629562,8404.691986557194,22374.165336995713,32933.54747098767
2035-06-01,20763.329631760345,3859.0631546628656,2490.0170576338164,1445.3356374617179,1710.3402004595632,2706.95817348708,7047.801510364387,10654.768432629562,8404.691986557194,22374.165336995713,32933.54747098767,80595.72324822334
2035-07-01,3859.0631546628656,2490.0170576338164,1445.3356374617179,1710.3402004595632,2706.95817348708,7047.801510364387,10654.768432629562,8404.691986557194,22374.165336995713,32933.54747098767,80595.72324822334,19636.31983844633
2035-08-01,2490.0170576338164,1445.3356374617179,1710.3402004595632,2706.95817348708,7047.801510364387,10654.768432629562,8404.691986557194,22374.165336995713,32933.54747098767,80595.72324822334,19636.31983844633,3645.622694489558
2035-09-01,1445.3356374617179,1710.3402004595632,2706.95817348708,7047.801510364387,10654.768432629562,8404.691986557194,22374.165336995713,32933.54747098767,80595.72324822334,19636.31983844633,3645.622694489558,3050.965319664988
2035-10-01,1710.3402004595632,2706.95817348708,7047.801510364387,10654.768432629562,8404.691986557194,22374.165336995713,32933.54747098767,80595.72324822334,19636.31983844633,3645.622694489558,3050.965319664988,2882.9397286613216
2035-11-01,2706.95817348708,7047.801510364387,10654.768432629562,8404.691986557194,22374.165336995713,32933.54747098767,80595.72324822334,19636.31983844633,3645.622694489558,3050.965319664988,2882.9397286613216,1964.9822483445016
2035-12-01,7047.801510364387,10654.768432629562,8404.691986557194,22374.165336995713,32933.54747098767,80595.72324822334,19636.31983844633,3645.622694489558,3050.965319664988,2882.9397286613216,1964.9822483445016,4360.563312471566
2036-01-01,27940.90632407308,6067.669222587412,36630.59163404309,28149.208100681142,42667.016380352514,6708.627401442845,2124.9791517429962,5537.88114300528,7949.334109470177,1964.9822483445016,4360.563312471566,4090.9299237484265
2036-02-01,6067.669222587412,36630.59163404309,28149.208100681142,42667.016380352514,6708.627401442845,2124.9791517429962,5537.88114300528,7949.334109470177,1964.9822483445016,4360.563312471566,4090.9299237484265,5984.676075678525
2036-03-01,28484.06232144459,30883.116312284874,64340.56316199298,14095.880222587693,2993.9183190267454,4116.786386810827,5054.251606150831,1964.9822483445016,4360.563312471566,4090.9299237484265,5984.676075678525,8091.523011461248
2036-04-01,32933.54747098767,80595.72324822334,19636.31983844633,3645.622694489558,3050.965319664988,2882.9397286613216,1964.9822483445016,4360.563312471566,4090.9299237484265,5984.676075678525,8091.523011461248,20195.299254691676
2036-05-01,80595.72324822334,19636.31983844633,3645.622694489558,3050.965319664988,2882.9397286613216,1964.9822483445016,4360.563312471566,4090.9299237484265,5984.676075678525,8091.523011461248,20195.299254691676,37805.32409884827
2036-06-01,19636.31983844633,3645.622694489558,3050.965319664988,2882.9397286613216,1964.9822483445016,4360.563312471566,4090.9299237484265,5984.676075678525,8091.523011461248,20195.299254691676,37805.32409884827,81442.49000128715
2036-07-01,3645.622694489558,3050.965319664988,2882.9397286613216,1964.9822483445016,4360.563312471566,4090.9299237484265,5984.676075678525,8091.523011461248,20195.299254691676,37805.32409884827,81442.49000128715,20685.542966145935
2036-08-01,3050.965319664988,2882.9397286613216,1964.9822483445016,4360.563312471566,4090.9299237484265,5984.676075678525,8091.523011461248,20195.299254691676,37805.32409884827,81442.49000128715,20685.542966145935,3682.0334133010306
2036-09-01,2882.9397286613216,1964.9822483445016,4360.563312471566,4090.9299237484265,5984.676075678525,8091.523011461248,20195.299254691676,37805.32409884827,81442.49000128715,20685.542966145935,3682.0334133010306,2484.615892351191
2036-10-01,1964.9822483445016,4360.563312471566,4090.9299237484265,5984.676075678525,8091.523011461248,20195.299254691676,37805.32409884827,81442.49000128715,20685.542966145935,3682.0334133010306,2484.615892351191,1358.5042594902588
2036-11-01,4360.563312471566,4090.9299237484265,5984.676075678525,8091.523011461248,20195.299254691676,37805.32409884827,81442.49000128715,20685.542966145935,3682.0334133010306,2484.615892351191,1358.5042594902588,1674.0818530778797
2036-12-01,4090.9299237484265,5984.676075678525,8091.523011461248,20195.299254691676,37805.32409884827,81442.49000128715,20685.542966145935,3682.0334133010306,2484.615892351191,1358.5042594902588,1674.0818530778797,2974.1425216990865
2037-01-01,6925.4907177934165,4658.408834655647,26825.694263674923,50072.20292605382,46477.4667691397,11430.131476091077,2288.8273863946233,2989.3087200931964,1089.3744982003957,1674.0818530778797,2974.1425216990865,3455.0686199199495
2037-02-01,4658.408834655647,26825.694263674923,50072.20292605382,46477.4667691397,11430.131476091077,2288.8273863946233,2989.3087200931964,1089.3744982003957,1674.0818530778797,2974.1425216990865,3455.0686199199495,5489.8535235607405
2037-03-01,23036.897115684493,43062.55788193636,66457.48004465253,16718.93804183671,3084.945116055427,2700.912818526336,1243.1629332231746,1674.0818530778797,2974.1425216990865,3455.0686199199495,5489.8535235607405,8519.400591123815
2037-04-01,37805.32409884827,81442.49000128715,20685.542966145935,3682.0334133010306,2484.615892351191,1358.5042594902588,1674.0818530778797,2974.1425216990865,3455.0686199199495,5489.8535235607405,8519.400591123815,16466.67558279468
2037-05-01,81442.49000128715,20685.542966145935,3682.0334133010306,2484.615892351191,1358.5042594902588,1674.0818530778797,2974.1425216990865,3455.0686199199495,5489.8535235607405,8519.400591123815,16466.67558279468,29726.099185301544
2037-06-01,20685.542966145935,3682.0334133010306,2484.615892351191,1358.5042594902588,1674.0818530778797,2974.1425216990865,3455.0686199199495,5489.8535235607405,8519.400591123815,16466.67558279468,29726.099185301544,75280.9954328048
2037-07-01,3682.0334133010306,2484.615892351191,1358.5042594902588,1674.0818530778797,2974.1425216990865,3455.0686199199495,5489.8535235607405,8519.400591123815,16466.67558279468,29726.099185301544,75280.9954328048,19178.086596728677
2037-08-01,2484.615892351191,1358.5042594902588,1674.0818530778797,2974.1425216990865,3455.0686199199495,5489.8535235607405,8519.400591123815,16466.67558279468,29726.099185301544,75280.9954328048,19178.086596728677,3553.2083634022547
2037-09-01,1358.5042594902588,1674.0818530778797,2974.1425216990865,3455.0686199199495,5489.8535235607405,8519.400591123815,16466.67558279468,29726.099185301544,75280.9954328048,19178.086596728677,3553.2083634022547,2178.231739996209
2037-10-01,1674.0818530778797,2974.1425216990865,3455.0686199199495,5489.8535235607405,8519.400591123815,16466.67558279468,29726.099185301544,75280.9954328048,19178.086596728677,3553.2083634022547,2178.231739996209,1431.945572046678
2037-11-01,2974.1425216990865,3455.0686199199495,5489.8535235607405,8519.400591123815,16466.67558279468,29726.099185301544,75280.9954328048,19178.086596728677,3553.2083634022547,2178.231739996209,1431.945572046678,4758.946398135706
2037-12-01,3455.0686199199495,5489.8535235607405,8519.400591123815,16466.67558279468,29726.099185301544,75280.9954328048,19178.086596728677,3553.2083634022547,2178.231739996209,1431.945572046678,4758.946398135706,3129.455264457154
2038-01-01,4698.789233263387,6583.857943137197,10046.887740138438,13715.690815093556,18750.74121096913,4646.577813713406,1709.114661850132,1610.5800344957752,1419.8604047042822,4758.946398135706,3129.455264457154,3697.943494942294
2038-02-01,6583.857943137197,10046.887740138438,13715.690815093556,18750.74121096913,4646.577813713406,1709.114661850132,1610.5800344957752,1419.8604047042822,4758.946398135706,3129.455264457154,3697.943494942294,5649.785308990474
2038-03-01,13715.337935942003,22864.49559806955,51053.74362344666,12950.29711829356,2762.8824913084877,1934.95243763888,1426.766214614223,4758.946398135706,3129.455264457154,3697.943494942294,5649.785308990474,8479.82088427983
2038-04-01,29726.099185301544,75280.9954328048,19178.086596728677,3553.2083634022547,2178.231739996209,1431.945572046678,4758.946398135706,3129.455264457154,3697.943494942294,5649.785308990474,8479.82088427983,23737.832133086624
2038-05-01,75280.9954328048,19178.086596728677,3553.2083634022547,2178.231739996209,1431.945572046678,4758.946398135706,3129.455264457154,3697.943494942294,5649.785308990474,8479.82088427983,23737.832133086624,34294.24246026228
2038-06-01,19178.086596728677,3553.2083634022547,2178.231739996209,1431.945572046678,4758.946398135706,3129.455264457154,3697.943494942294,5649.785308990474,8479.82088427983,23737.832133086624,34294.24246026228,90902.50163987793
2038-07-01,3553.2083634022547,2178.231739996209,1431.945572046678,4758.946398135706,3129.455264457154,3697.943494942294,5649.785308990474,8479.82088427983,23737.832133086624,34294.24246026228,90902.50163987793,23659.963812230817
2038-08-01,2178.231739996209,1431.945572046678,4758.946398135706,3129.455264457154,3697.943494942294,5649.785308990474,8479.82088427983,23737.832133086624,34294.24246026228,90902.50163987793,23659.963812230817,4799.326821057155
2038-09-01,1431.945572046678,4758.946398135706,3129.455264457154,3697.943494942294,5649.785308990474,8479.82088427983,23737.832133086624,34294.24246026228,90902.50163987793,23659.963812230817,4799.326821057155,2251.7315049790323
2038-10-01,4758.946398135706,3129.455264457154,3697.943494942294,5649.785308990474,8479.82088427983,23737.832133086624,34294.24246026228,90902.50163987793,23659.963812230817,4799.326821057155,2251.7315049790323,1725.2651825353391
2038-11-01,3129.455264457154,3697.943494942294,5649.785308990474,8479.82088427983,23737.832133086624,34294.24246026228,90902.50163987793,23659.963812230817,4799.326821057155,2251.7315049790323,1725.2651825353391,1755.4499599551368
2038-12-01,3697.943494942294,5649.785308990474,8479.82088427983,23737.832133086624,34294.24246026228,90902.50163987793,23659.963812230817,4799.326821057155,2251.7315049790323,1725.2651825353391,1755.4499599551368,2707.5345972373148
2039-01-01,5418.482267697185,6405.74926233927,42767.09221645219,34272.335552416844,89047.51914279816,24815.02528347303,7316.647721297183,1941.3289769184803,2739.798651903257,1755.4499599551368,2707.5345972373148,3884.786835526855
2039-02-01,6405.74926233927,42767.09221645219,34272.335552416844,89047.51914279816,24815.02528347303,7316.647721297183,1941.3289769184803,2739.798651903257,1755.4499599551368,2707.5345972373148,3884.786835526855,6425.916433073827
2039-03-01,31893.22931167187,34284.85378547138,90107.50914112944,24154.990157048906,5878.178635445738,2118.7018500959384,2160.065240835875,1755.4499599551368,2707.5345972373148,3884.786835526855,6425.916433073827,10297.089249378596
2039-04-01,34294.24246026228,90902.50163987793,23659.963812230817,4799.326821057155,2251.7315049790323,1725.2651825353391,1755.4499599551368,2707.5345972373148,3884.786835526855,6425.916433073827,10297.089249378596,17709.289118835768
2039-05-01,90902.50163987793,23659.963812230817,4799.326821057155,2251.7315049790323,1725.2651825353391,1755.4499599551368,2707.5345972373148,3884.786835526855,6425.916433073827,10297.089249378596,17709.289118835768,33196.592681097216
2039-06-01,23659.963812230817,4799.326821057155,2251.7315049790323,1725.2651825353391,1755.4499599551368,2707.5345972373148,3884.786835526855,6425.916433073827,10297.089249378596,17709.289118835768,33196.592681097216,88096.03972535119
2039-07-01,4799.326821057155,2251.7315049790323,1725.2651825353391,1755.4499599551368,2707.5345972373148,3884.786835526855,6425.916433073827,10297.089249378596,17709.289118835768,33196.592681097216,88096.03972535119,32103.854027274032
2039-08-01,2251.7315049790323,1725.2651825353391,1755.4499599551368,2707.5345972373148,3884.786835526855,6425.916433073827,10297.089249378596,17709.289118835768,33196.592681097216,88096.03972535119,32103.854027274032,4060.6442258823313
2039-09-01,1725.2651825353391,1755.4499599551368,2707.5345972373148,3884.786835526855,6425.916433073827,10297.089249378596,17709.289118835768,33196.592681097216,88096.03972535119,32103.854027274032,4060.6442258823313,2216.738151395478
2039-10-01,1755.4499599551368,2707.5345972373148,3884.786835526855,6425.916433073827,10297.089249378596,17709.289118835768,33196.592681097216,88096.03972535119,32103.854027274032,4060.6442258823313,2216.738151395478,1390.0982581005333
2039-11-01,2707.5345972373148,3884.786835526855,6425.916433073827,10297.089249378596,17709.289118835768,33196.592681097216,88096.03972535119,32103.854027274032,4060.6442258823313,2216.738151395478,1390.0982581005333,2979.353686238379
2039-12-01,3884.786835526855,6425.916433073827,10297.089249378596,17709.289118835768,33196.592681097216,88096.03972535119,32103.854027274032,4060.6442258823313,2216.738151395478,1390.0982581005333,2979.353686238379,4025.527529189937
2040-01-01,8911.072326072273,14583.456905283716,15638.648652323332,29332.911546174106,76418.4405274279,62812.53125116751,3992.576043010477,1783.858885792484,1231.5474919466294,2979.353686238379,4025.527529189937,3948.2967251903237
2040-02-01,14583.456905283716,15638.648652323332,29332.911546174106,76418.4405274279,62812.53125116751,3992.576043010477,1783.858885792484,1231.5474919466294,2979.353686238379,4025.527529189937,3948.2967251903237,5852.989418077211
2040-03-01,16821.871776044725,31540.72933755874,83091.35435481263,45264.715694656945,4031.472147508679,2031.2184661370516,1322.1479297488602,2979.353686238379,4025.527529189937,3948.2967251903237,5852.989418077211,9548.06498417398
2040-04-01,33196.592681097216,88096.03972535119,32103.854027274032,4060.6442258823313,2216.738151395478,1390.0982581005333,2979.353686238379,4025.527529189937,3948.2967251903237,5852.989418077211,9548.06498417398,22874.04841540155
2040-05-01,88096.03972535119,32103.854027274032,4060.6442258823313,2216.738151395478,1390.0982581005333,2979.353686238379,4025.527529189937,3948.2967251903237,5852.989418077211,9548.06498417398,22874.04841540155,33951.62699073178
2040-06-01,32103.854027274032,4060.6442258823313,2216.738151395478,1390.0982581005333,2979.353686238379,4025.527529189937,3948.2967251903237,5852.989418077211,9548.06498417398,22874.04841540155,33951.62699073178,97740.45297272995
2040-07-01,4060.6442258823313,2216.738151395478,1390.0982581005333,2979.353686238379,4025.527529189937,3948.2967251903237,5852.989418077211,9548.06498417398,22874.04841540155,33951.62699073178,97740.45297272995,48182.24605641022
2040-08-01,2216.738151395478,1390.0982581005333,2979.353686238379,4025.527529189937,3948.2967251903237,5852.989418077211,9548.06498417398,22874.04841540155,33951.62699073178,97740.45297272995,48182.24605641022,4887.360343099543
2040-09-01,1390.0982581005333,2979.353686238379,4025.527529189937,3948.2967251903237,5852.989418077211,9548.06498417398,22874.04841540155,33951.62699073178,97740.45297272995,48182.24605641022,4887.360343099543,2241.9777323523867
2040-10-01,2979.353686238379,4025.527529189937,3948.2967251903237,5852.989418077211,9548.06498417398,22874.04841540155,33951.62699073178,97740.45297272995,48182.24605641022,4887.360343099543,2241.9777323523867,1417.8262372501517
2040-11-01,4025.527529189937,3948.2967251903237,5852.989418077211,9548.06498417398,22874.04841540155,33951.62699073178,97740.45297272995,48182.24605641022,4887.360343099543,2241.9777323523867,1417.8262372501517,1828.68960018989
2040-12-01,3948.2967251903237,5852.989418077211,9548.06498417398,22874.04841540155,33951.62699073178,97740.45297272995,48182.24605641022,4887.360343099543,2241.9777323523867,1417.8262372501517,1828.68960018989,2981.4728375057657
2041-01-01,6332.900758587504,11212.847711862943,38880.06548686935,32730.565939529624,119818.30014063229,135165.29538228037,7712.798570487928,1897.437000098575,1356.3233981199126,1828.68960018989,2981.4728375057657,3797.4316616971946
2041-02-01,11212.847711862943,38880.06548686935,32730.565939529624,119818.30014063229,135165.29538228037,7712.798570487928,1897.437000098575,1356.3233981199126,1828.68960018989,2981.4728375057657,3797.4316616971946,7683.540254208782
2041-03-01,29733.77001745918,33428.31511164514,107202.38747325953,85460.69576749741,6098.262440551707,2094.3174185293246,1391.4678776229064,1828.68960018989,2981.4728375057657,3797.4316616971946,7683.540254208782,7586.398528539698
2041-04-01,33951.62699073178,97740.45297272995,48182.24605641022,4887.360343099543,2241.9777323523867,1417.8262372501517,1828.68960018989,2981.4728375057657,3797.4316616971946,7683.540254208782,7586.398528539698,17972.32609373326
2041-05-01,97740.45297272995,48182.24605641022,4887.360343099543,2241.9777323523867,1417.8262372501517,1828.68960018989,2981.4728375057657,3797.4316616971946,7683.540254208782,7586.398528539698,17972.32609373326,44589.346199854306
2041-06-01,48182.24605641022,4887.360343099543,2241.9777323523867,1417.8262372501517,1828.68960018989,2981.4728375057657,3797.4316616971946,7683.540254208782,7586.398528539698,17972.32609373326,44589.346199854306,95820.8834350599
2041-07-01,4887.360343099543,2241.9777323523867,1417.8262372501517,1828.68960018989,2981.4728375057657,3797.4316616971946,7683.540254208782,7586.398528539698,17972.32609373326,44589.346199854306,95820.8834350599,22819.289325007012
2041-08-01,2241.9777323523867,1417.8262372501517,1828.68960018989,2981.4728375057657,3797.4316616971946,7683.540254208782,7586.398528539698,17972.32609373326,44589.346199854306,95820.8834350599,22819.289325007012,4060.1587856572482
2041-09-01,1417.8262372501517,1828.68960018989,2981.4728375057657,3797.4316616971946,7683.540254208782,7586.398528539698,17972.32609373326,44589.346199854306,95820.8834350599,22819.289325007012,4060.1587856572482,2207.833729146034
2041-10-01,1828.68960018989,2981.4728375057657,3797.4316616971946,7683.540254208782,7586.398528539698,17972.32609373326,44589.346199854306,95820.8834350599,22819.289325007012,4060.1587856572482,2207.833729146034,1383.561281106544
2041-11-01,2981.4728375057657,3797.4316616971946,7683.540254208782,7586.398528539698,17972.32609373326,44589.346199854306,95820.8834350599,22819.289325007012,4060.1587856572482,2207.833729146034,1383.561281106544,2275.518321324149
2041-12-01,3797.4316616971946,7683.540254208782,7586.398528539698,17972.32609373326,44589.346199854306,95820.8834350599,22819.289325007012,4060.1587856572482,2207.833729146034,1383.561281106544,2275.518321324149,3057.3746398583826
2042-01-01,14570.379521179575,2385.3486615086763,16822.315039362064,80600.30238058098,111180.23722111707,21031.990090965915,3990.3915619976037,1743.7889856699874,1202.1310954736775,2275.518321324149,3057.3746398583826,3719.747899295853
2042-02-01,2385.3486615086763,16822.315039362064,80600.30238058098,111180.23722111707,21031.990090965915,3990.3915619976037,1743.7889856699874,1202.1310954736775,2275.518321324149,3057.3746398583826,3719.747899295853,9394.139399950905
2042-03-01,17479.464213288462,60022.61313445145,102403.4636290844,22053.303938989397,4030.258546945972,2008.9574105134425,1305.8054872638868,2275.518321324149,3057.3746398583826,3719.747899295853,9394.139399950905,8839.121767464403
2042-04-01,44589.346199854306,95820.8834350599,22819.289325007012,4060.1587856572482,2207.833729146034,1383.561281106544,2275.518321324149,3057.3746398583826,3719.747899295853,9394.139399950905,8839.121767464403,17133.13121303282
2042-05-01,95820.8834350599,22819.289325007012,4060.1587856572482,2207.833729146034,1383.561281106544,2275.518321324149,3057.3746398583826,3719.747899295853,9394.139399950905,8839.121767464403,17133.13121303282,32888.65414434638
2042-06-01,22819.289325007012,4060.1587856572482,2207.833729146034,1383.561281106544,2275.518321324149,3057.3746398583826,3719.747899295853,9394.139399950905,8839.121767464403,17133.13121303282,32888.65414434638,86146.38530742907
2042-07-01,4060.1587856572482,2207.833729146034,1383.561281106544,2275.518321324149,3057.3746398583826,3719.747899295853,9394.139399950905,8839.121767464403,17133.13121303282,32888.65414434638,86146.38530742907,20959.40349930494
2042-08-01,2207.833729146034,1383.561281106544,2275.518321324149,3057.3746398583826,3719.747899295853,9394.139399950905,8839.121767464403,17133.13121303282,32888.65414434638,86146.38530742907,20959.40349930494,3701.606292300455
2042-09-01,1383.561281106544,2275.518321324149,3057.3746398583826,3719.747899295853,9394.139399950905,8839.121767464403,17133.13121303282,32888.65414434638,86146.38530742907,20959.40349930494,3701.606292300455,2146.8333863902335
2042-10-01,2275.518321324149,3057.3746398583826,3719.747899295853,9394.139399950905,8839.121767464403,17133.13121303282,32888.65414434638,86146.38530742907,20959.40349930494,3701.606292300455,2146.8333863902335,1401.2915845311463
2042-11-01,3057.3746398583826,3719.747899295853,9394.139399950905,8839.121767464403,17133.13121303282,32888.65414434638,86146.38530742907,20959.40349930494,3701.606292300455,2146.8333863902335,1401.2915845311463,1878.7657329318101
2042-12-01,3719.747899295853,9394.139399950905,8839.121767464403,17133.13121303282,32888.65414434638,86146.38530742907,20959.40349930494,3701.606292300455,2146.8333863902335,1401.2915845311463,1878.7657329318101,3431.501464098236
2043-01-01,22268.07567701913,8022.6032366698455,13045.93807621007,27947.188130795334,67644.99564677832,12662.50387530659,2376.9053418920344,1469.287443268886,1281.9174608843894,1878.7657329318101,3431.501464098236,4090.5604556268413
2043-02-01,8022.6032366698455,13045.93807621007,27947.188130795334,67644.99564677832,12662.50387530659,2376.9053418920344,1469.287443268886,1281.9174608843894,1878.7657329318101,3431.501464098236,4090.5604556268413,6000.833994148383
2043-03-01,15381.477011537354,30770.882995681648,78217.21831000732,17403.589374734216,3133.8773135539886,1856.4565536239415,1350.1312458253933,1878.7657329318101,3431.501464098236,4090.5604556268413,6000.833994148383,10263.38352022662
2043-04-01,32888.65414434638,86146.38530742907,20959.40349930494,3701.606292300455,2146.8333863902335,1401.2915845311463,1878.7657329318101,3431.501464098236,4090.5604556268413,6000.833994148383,10263.38352022662,17879.86127963384
2043-05-01,86146.38530742907,20959.40349930494,3701.606292300455,2146.8333863902335,1401.2915845311463,1878.7657329318101,3431.501464098236,4090.5604556268413,6000.833994148383,10263.38352022662,17879.86127963384,34803.26644060784
2043-06-01,20959.40349930494,3701.606292300455,2146.8333863902335,1401.2915845311463,1878.7657329318101,3431.501464098236,4090.5604556268413,6000.833994148383,10263.38352022662,17879.86127963384,34803.26644060784,86348.55319751668
2043-07-01,3701.606292300455,2146.8333863902335,1401.2915845311463,1878.7657329318101,3431.501464098236,4090.5604556268413,6000.833994148383,10263.38352022662,17879.86127963384,34803.26644060784,86348.55319751668,22800.49551011234
2043-08-01,2146.8333863902335,1401.2915845311463,1878.7657329318101,3431.501464098236,4090.5604556268413,6000.833994148383,10263.38352022662,17879.86127963384,34803.26644060784,86348.55319751668,22800.49551011234,3862.026491231182
2043-09-01,1401.2915845311463,1878.7657329318101,3431.501464098236,4090.5604556268413,6000.833994148383,10263.38352022662,17879.86127963384,34803.26644060784,86348.55319751668,22800.49551011234,3862.026491231182,2153.203509816702
2043-10-01,1878.7657329318101,3431.501464098236,4090.5604556268413,6000.833994148383,10263.38352022662,17879.86127963384,34803.26644060784,86348.55319751668,22800.49551011234,3862.026491231182,2153.203509816702,1566.1227370729696
2043-11-01,3431.501464098236,4090.5604556268413,6000.833994148383,10263.38352022662,17879.86127963384,34803.26644060784,86348.55319751668,22800.49551011234,3862.026491231182,2153.203509816702,1566.1227370729696,3646.303560619329
2043-12-01,4090.5604556268413,6000.833994148383,10263.38352022662,17879.86127963384,34803.26644060784,86348.55319751668,22800.49551011234,3862.026491231182,2153.203509816702,1566.1227370729696,3646.303560619329,2846.6191194399635
2044-01-01,6998.201350907779,14431.781124099825,16406.223375914655,36562.94346397189,68554.75115217254,20947.417923939905,3098.796237080304,1497.9529986879943,2023.657647322594,3646.303560619329,2846.6191194399635,4805.924053164885
2044-02-01,14431.781124099825,16406.223375914655,36562.94346397189,68554.75115217254,20947.417923939905,3098.796237080304,1497.9529986879943,2023.657647322594,3646.303560619329,2846.6191194399635,4805.924053164885,5587.893509076762
2044-03-01,17248.302178039903,35557.41373633529,78722.63803522632,22006.319401752724,3534.9278108808053,1872.3818621901128,1762.2091271799513,3646.303560619329,2846.6191194399635,4805.924053164885,5587.893509076762,8847.322953368855
2044-04-01,34803.26644060784,86348.55319751668,22800.49551011234,3862.026491231182,2153.203509816702,1566.1227370729696,3646.303560619329,2846.6191194399635,4805.924053164885,5587.893509076762,8847.322953368855,18151.68675722153
2044-05-01,86348.55319751668,22800.49551011234,3862.026491231182,2153.203509816702,1566.1227370729696,3646.303560619329,2846.6191194399635,4805.924053164885,5587.893509076762,8847.322953368855,18151.68675722153,34538.482774238895
2044-06-01,22800.49551011234,3862.026491231182,2153.203509816702,1566.1227370729696,3646.303560619329,2846.6191194399635,4805.924053164885,5587.893509076762,8847.322953368855,18151.68675722153,34538.482774238895,100833.66313279621
2044-07-01,3862.026491231182,2153.203509816702,1566.1227370729696,3646.303560619329,2846.6191194399635,4805.924053164885,5587.893509076762,8847.322953368855,18151.68675722153,34538.482774238895,100833.66313279621,29238.816745621745
2044-08-01,2153.203509816702,1566.1227370729696,3646.303560619329,2846.6191194399635,4805.924053164885,5587.893509076762,8847.322953368855,18151.68675722153,34538.482774238895,100833.66313279621,29238.816745621745,4226.847415485938
2044-09-01,1566.1227370729696,3646.303560619329,2846.6191194399635,4805.924053164885,5587.893509076762,8847.322953368855,18151.68675722153,34538.482774238895,100833.66313279621,29238.816745621745,4226.847415485938,2214.9033717280035
2044-10-01,3646.303560619329,2846.6191194399635,4805.924053164885,5587.893509076762,8847.322953368855,18151.68675722153,34538.482774238895,100833.66313279621,29238.816745621745,4226.847415485938,2214.9033717280035,1405.326231168183
2044-11-01,2846.6191194399635,4805.924053164885,5587.893509076762,8847.322953368855,18151.68675722153,34538.482774238895,100833.66313279621,29238.816745621745,4226.847415485938,2214.9033717280035,1405.326231168183,1702.502384020028
2044-12-01,4805.924053164885,5587.893509076762,8847.322953368855,18151.68675722153,34538.482774238895,100833.66313279621,29238.816745621745,4226.847415485938,2214.9033717280035,1405.326231168183,1702.502384020028,2708.079684554116
2045-01-01,5139.969168085481,8059.508573239885,17629.438025059273,35371.41696531163,133737.74586093042,49919.86348373222,4740.490396226709,1775.6023772888502,1300.0733707510542,1702.502384020028,2708.079684554116,4273.490747338434
2045-02-01,8059.508573239885,17629.438025059273,35371.41696531163,133737.74586093042,49919.86348373222,4740.490396226709,1775.6023772888502,1300.0733707510542,1702.502384020028,2708.079684554116,4273.490747338434,5783.984748859204
2045-03-01,17927.865872009133,34895.45457041293,114935.41287342516,38102.122490526235,4446.980121517697,2026.6315169683662,1360.217862417985,1702.502384020028,2708.079684554116,4273.490747338434,5783.984748859204,9324.745914030062
2045-04-01,34538.482774238895,100833.66313279621,29238.816745621745,4226.847415485938,2214.9033717280035,1405.326231168183,1702.502384020028,2708.079684554116,4273.490747338434,5783.984748859204,9324.745914030062,20674.048527549698
2045-05-01,100833.66313279621,29238.816745621745,4226.847415485938,2214.9033717280035,1405.326231168183,1702.502384020028,2708.079684554116,4273.490747338434,5783.984748859204,9324.745914030062,20674.048527549698,35050.02751305273
2045-06-01,29238.816745621745,4226.847415485938,2214.9033717280035,1405.326231168183,1702.502384020028,2708.079684554116,4273.490747338434,5783.984748859204,9324.745914030062,20674.048527549698,35050.02751305273,84093.47211501199
2045-07-01,4226.847415485938,2214.9033717280035,1405.326231168183,1702.502384020028,2708.079684554116,4273.490747338434,5783.984748859204,9324.745914030062,20674.048527549698,35050.02751305273,84093.47211501199,68184.84946621029
2045-08-01,2214.9033717280035,1405.326231168183,1702.502384020028,2708.079684554116,4273.490747338434,5783.984748859204,9324.745914030062,20674.048527549698,35050.02751305273,84093.47211501199,68184.84946621029,25976.65820607743
2045-09-01,1405.326231168183,1702.502384020028,2708.079684554116,4273.490747338434,5783.984748859204,9324.745914030062,20674.048527549698,35050.02751305273,84093.47211501199,68184.84946621029,25976.65820607743,3188.7715733767427
2045-10-01,1702.502384020028,2708.079684554116,4273.490747338434,5783.984748859204,9324.745914030062,20674.048527549698,35050.02751305273,84093.47211501199,68184.84946621029,25976.65820607743,3188.7715733767427,1782.1782819310374
2045-11-01,2708.079684554116,4273.490747338434,5783.984748859204,9324.745914030062,20674.048527549698,35050.02751305273,84093.47211501199,68184.84946621029,25976.65820607743,3188.7715733767427,1782.1782819310374,1874.618285791865
2045-12-01,4273.490747338434,5783.984748859204,9324.745914030062,20674.048527549698,35050.02751305273,84093.47211501199,68184.84946621029,25976.65820607743,3188.7715733767427,1782.1782819310374,1874.618285791865,2706.6106592202063
2046-01-01,6022.379747106474,10207.91189621531,28980.065991536023,37673.3682899739,58406.88628090148,225177.01072638066,102614.63895388843,6158.009284708177,2995.9075991838995,1874.618285791865,2706.6106592202063,3478.6730852269693
2046-02-01,10207.91189621531,28980.065991536023,37673.3682899739,58406.88628090148,225177.01072638066,102614.63895388843,6158.009284708177,2995.9075991838995,1874.618285791865,2706.6106592202063,3478.6730852269693,4867.689952879035
2046-03-01,24233.77029782955,36174.31641744752,73084.93532896462,135467.2042919976,58821.50709799642,4461.302021090215,2302.347989325121,1874.618285791865,2706.6106592202063,3478.6730852269693,4867.689952879035,7947.073673890688
2046-04-01,35050.02751305273,84093.47211501199,68184.84946621029,25976.65820607743,3188.7715733767427,1782.1782819310374,1874.618285791865,2706.6106592202063,3478.6730852269693,4867.689952879035,7947.073673890688,17813.626913882712
2046-05-01,84093.47211501199,68184.84946621029,25976.65820607743,3188.7715733767427,1782.1782819310374,1874.618285791865,2706.6106592202063,3478.6730852269693,4867.689952879035,7947.073673890688,17813.626913882712,31928.098809520117
2046-06-01,68184.84946621029,25976.65820607743,3188.7715733767427,1782.1782819310374,1874.618285791865,2706.6106592202063,3478.6730852269693,4867.689952879035,7947.073673890688,17813.626913882712,31928.098809520117,83194.45726913493
2046-07-01,25976.65820607743,3188.7715733767427,1782.1782819310374,1874.618285791865,2706.6106592202063,3478.6730852269693,4867.689952879035,7947.073673890688,17813.626913882712,31928.098809520117,83194.45726913493,22107.299576439327
2046-08-01,3188.7715733767427,1782.1782819310374,1874.618285791865,2706.6106592202063,3478.6730852269693,4867.689952879035,7947.073673890688,17813.626913882712,31928.098809520117,83194.45726913493,22107.299576439327,4011.907920714096
2046-09-01,1782.1782819310374,1874.618285791865,2706.6106592202063,3478.6730852269693,4867.689952879035,7947.073673890688,17813.626913882712,31928.098809520117,83194.45726913493,22107.299576439327,4011.907920714096,2406.87317535944
2046-10-01,1874.618285791865,2706.6106592202063,3478.6730852269693,4867.689952879035,7947.073673890688,17813.626913882712,31928.098809520117,83194.45726913493,22107.299576439327,4011.907920714096,2406.87317535944,1405.9664553904834
2046-11-01,2706.6106592202063,3478.6730852269693,4867.689952879035,7947.073673890688,17813.626913882712,31928.098809520117,83194.45726913493,22107.299576439327,4011.907920714096,2406.87317535944,1405.9664553904834,1714.1580856759472
2046-12-01,3478.6730852269693,4867.689952879035,7947.073673890688,17813.626913882712,31928.098809520117,83194.45726913493,22107.299576439327,4011.907920714096,2406.87317535944,1405.9664553904834,1714.1580856759472,3048.7195244082473
2047-01-01,1899.0531651957144,4008.38681558813,16108.168730034582,23624.68912407715,54361.319474454685,17828.036222411327,3773.2626697534174,2639.4664936303157,1302.9543797514052,1714.1580856759472,3048.7195244082473,4131.141611738791
2047-02-01,4008.38681558813,16108.168730034582,23624.68912407715,54361.319474454685,17828.036222411327,3773.2626697534174,2639.4664936303157,1302.9543797514052,1714.1580856759472,3048.7195244082473,4131.141611738791,4829.343449029517
2047-03-01,17082.716263662085,28369.49465861599,70837.39821427196,20273.32956757018,3909.6313845880904,2506.5560260469583,1361.8184229737356,1714.1580856759472,3048.7195244082473,4131.141611738791,4829.343449029517,9613.96446907451
2047-04-01,31928.098809520117,83194.45726913493,22107.299576439327,4011.907920714096,2406.87317535944,1405.9664553904834,1714.1580856759472,3048.7195244082473,4131.141611738791,4829.343449029517,9613.96446907451,20983.263578296108
2047-05-01,83194.45726913493,22107.299576439327,4011.907920714096,2406.87317535944,1405.9664553904834,1714.1580856759472,3048.7195244082473,4131.141611738791,4829.343449029517,9613.96446907451,20983.263578296108,34364.519069910115
2047-06-01,22107.299576439327,4011.907920714096,2406.87317535944,1405.9664553904834,1714.1580856759472,3048.7195244082473,4131.141611738791,4829.343449029517,9613.96446907451,20983.263578296108,34364.519069910115,76416.55920254515
2047-07-01,4011.907920714096,2406.87317535944,1405.9664553904834,1714.1580856759472,3048.7195244082473,4131.141611738791,4829.343449029517,9613.96446907451,20983.263578296108,34364.519069910115,76416.55920254515,19183.188524083103
2047-08-01,2406.87317535944,1405.9664553904834,1714.1580856759472,3048.7195244082473,4131.141611738791,4829.343449029517,9613.96446907451,20983.263578296108,34364.519069910115,76416.55920254515,19183.188524083103,3703.16826704955
2047-09-01,1405.9664553904834,1714.1580856759472,3048.7195244082473,4131.141611738791,4829.343449029517,9613.96446907451,20983.263578296108,34364.519069910115,76416.55920254515,19183.188524083103,3703.16826704955,2804.167235893458
2047-10-01,1714.1580856759472,3048.7195244082473,4131.141611738791,4829.343449029517,9613.96446907451,20983.263578296108,34364.519069910115,76416.55920254515,19183.188524083103,3703.16826704955,2804.167235893458,1724.3905644204679
2047-11-01,3048.7195244082473,4131.141611738791,4829.343449029517,9613.96446907451,20983.263578296108,34364.519069910115,76416.55920254515,19183.188524083103,3703.16826704955,2804.167235893458,1724.3905644204679,1710.6459441854931
2047-12-01,4131.141611738791,4829.343449029517,9613.96446907451,20983.263578296108,34364.519069910115,76416.55920254515,19183.188524083103,3703.16826704955,2804.167235893458,1724.3905644204679,1710.6459441854931,4136.250425298458
2048-01-01,1726.49389787288,11509.395393915329,30371.533719894862,34588.58029583214,23860.778174800682,4669.536486808331,2383.934228262962,4427.289766033395,2735.8628703863365,1710.6459441854931,4136.250425298458,5650.939883618596
2048-02-01,11509.395393915329,30371.533719894862,34588.58029583214,23860.778174800682,4669.536486808331,2383.934228262962,4427.289766033395,2735.8628703863365,1710.6459441854931,4136.250425298458,5650.939883618596,5779.947668150346
2048-03-01,25006.80792469557,34460.54530959098,53892.65304779752,12963.051936679629,3137.7822504267265,3499.7911773820024,2157.878695548697,1710.6459441854931,4136.250425298458,5650.939883618596,5779.947668150346,9376.13003658873
2048-04-01,34364.519069910115,76416.55920254515,19183.188524083103,3703.16826704955,2804.167235893458,1724.3905644204679,1710.6459441854931,4136.250425298458,5650.939883618596,5779.947668150346,9376.13003658873,19732.76968224664
2048-05-01,76416.55920254515,19183.188524083103,3703.16826704955,2804.167235893458,1724.3905644204679,1710.6459441854931,4136.250425298458,5650.939883618596,5779.947668150346,9376.13003658873,19732.76968224664,32045.265748892267
2048-06-01,19183.188524083103,3703.16826704955,2804.167235893458,1724.3905644204679,1710.6459441854931,4136.250425298458,5650.939883618596,5779.947668150346,9376.13003658873,19732.76968224664,32045.265748892267,91962.4916382092
2048-07-01,3703.16826704955,2804.167235893458,1724.3905644204679,1710.6459441854931,4136.250425298458,5650.939883618596,5779.947668150346,9376.13003658873,19732.76968224664,32045.265748892267,91962.4916382092,35639.70357413095
2048-08-01,2804.167235893458,1724.3905644204679,1710.6459441854931,4136.250425298458,5650.939883618596,5779.947668150346,9376.13003658873,19732.76968224664,32045.265748892267,91962.4916382092,35639.70357413095,4833.267477060266
2048-09-01,1724.3905644204679,1710.6459441854931,4136.250425298458,5650.939883618596,5779.947668150346,9376.13003658873,19732.76968224664,32045.265748892267,91962.4916382092,35639.70357413095,4833.267477060266,2238.880003296351
2048-10-01,1710.6459441854931,4136.250425298458,5650.939883618596,5779.947668150346,9376.13003658873,19732.76968224664,32045.265748892267,91962.4916382092,35639.70357413095,4833.267477060266,2238.880003296351,1396.1767764907886
2048-11-01,4136.250425298458,5650.939883618596,5779.947668150346,9376.13003658873,19732.76968224664,32045.265748892267,91962.4916382092,35639.70357413095,4833.267477060266,2238.880003296351,1396.1767764907886,1711.7452965776665
2048-12-01,5650.939883618596,5779.947668150346,9376.13003658873,19732.76968224664,32045.265748892267,91962.4916382092,35639.70357413095,4833.267477060266,2238.880003296351,1396.1767764907886,1711.7452965776665,3095.011983940647
2049-01-01,6004.21288391661,10439.140447729313,24744.31118767226,24151.940351251822,93817.47413528894,78723.85421202362,7469.380673311186,1883.4972193464132,1258.9008247027787,1711.7452965776665,3095.011983940647,3681.633135892511
2049-02-01,10439.140447729313,24744.31118767226,24151.940351251822,93817.47413528894,78723.85421202362,7469.380673311186,1883.4972193464132,1258.9008247027787,1711.7452965776665,3095.011983940647,3681.633135892511,5725.589449227039
2049-03-01,21880.573184571906,28662.41200704636,92757.48413695766,54104.339561799236,5963.030275453517,2086.5730958892345,1337.3442257244988,1711.7452965776665,3095.011983940647,3681.633135892511,5725.589449227039,9625.055033437176
2049-04-01,32045.265748892267,91962.4916382092,35639.70357413095,4833.267477060266,2238.880003296351,1396.1767764907886,1711.7452965776665,3095.011983940647,3681.633135892511,5725.589449227039,9625.055033437176,18450.11460417139
2049-05-01,91962.4916382092,35639.70357413095,4833.267477060266,2238.880003296351,1396.1767764907886,1711.7452965776665,3095.011983940647,3681.633135892511,5725.589449227039,9625.055033437176,18450.11460417139,32770.911171813445
2049-06-01,35639.70357413095,4833.267477060266,2238.880003296351,1396.1767764907886,1711.7452965776665,3095.011983940647,3681.633135892511,5725.589449227039,9625.055033437176,18450.11460417139,32770.911171813445,100181.8800679315
2049-07-01,4833.267477060266,2238.880003296351,1396.1767764907886,1711.7452965776665,3095.011983940647,3681.633135892511,5725.589449227039,9625.055033437176,18450.11460417139,32770.911171813445,100181.8800679315,42181.16908948208
2049-08-01,2238.880003296351,1396.1767764907886,1711.7452965776665,3095.011983940647,3681.633135892511,5725.589449227039,9625.055033437176,18450.11460417139,32770.911171813445,100181.8800679315,42181.16908948208,4931.951573856923
2049-09-01,1396.1767764907886,1711.7452965776665,3095.011983940647,3681.633135892511,5725.589449227039,9625.055033437176,18450.11460417139,32770.911171813445,100181.8800679315,42181.16908948208,4931.951573856923,2300.341052395626
2049-10-01,1711.7452965776665,3095.011983940647,3681.633135892511,5725.589449227039,9625.055033437176,18450.11460417139,32770.911171813445,100181.8800679315,42181.16908948208,4931.951573856923,2300.341052395626,1413.6880710527187
2049-11-01,3095.011983940647,3681.633135892511,5725.589449227039,9625.055033437176,18450.11460417139,32770.911171813445,100181.8800679315,42181.16908948208,4931.951573856923,2300.341052395626,1413.6880710527187,1800.516267576156
2049-12-01,3681.633135892511,5725.589449227039,9625.055033437176,18450.11460417139,32770.911171813445,100181.8800679315,42181.16908948208,4931.951573856923,2300.341052395626,1413.6880710527187,1800.516267576156,2802.100893454597
2050-01-01,5759.6008987617315,11559.302933547324,18972.36333633365,27417.344754397112,130804.7220690393,108160.44903110371,7913.459108896136,2160.071940293151,1337.701650231464,1800.516267576156,2802.100893454597,3407.6271171950925
