date,flow
2006-01-01,27.7693494315179
2006-02-01,35.272987086681
2006-03-01,117.84581569760499
2006-04-01,142.87889080585933
2006-05-01,210.02589594179304
2006-06-01,33.41428103738541
2006-07-01,11.252563332647945
2006-08-01,10.913249430205864
2006-09-01,10.3566933029304
2006-10-01,58.7064122121587
2006-11-01,52.54023860347446
2006-12-01,79.21725740311501
2007-01-01,459.81638564177183
2007-02-01,409.0276170751566
2007-03-01,302.49139928466957
2007-04-01,488.3973171896411
2007-05-01,712.3444203047798
2007-06-01,550.4968515044625
2007-07-01,74.82911935050276
2007-08-01,14.933771077103241
2007-09-01,13.571255653890107
2007-10-01,24.797922169830684
2007-11-01,61.34582391806194
2007-12-01,70.73214039772282
2008-01-01,384.0634737460171
2008-02-01,395.5091606109189
2008-03-01,453.88134154116784
2008-04-01,515.8122560359865
2008-05-01,798.7974842206029
2008-06-01,1368.965182210155
2008-07-01,999.2321736996989
2008-08-01,151.96413951662987
2008-09-01,17.74934920033528
2008-10-01,11.669781329785486
2008-11-01,48.56621560952151
2008-12-01,942.3081753898321
2009-01-01,485.01454663416405
2009-02-01,250.33137652026716
2009-03-01,243.24174913302704
2009-04-01,761.4175744054348
2009-05-01,829.9115401945922
2009-06-01,404.66674278630245
2009-07-01,104.45837537450146
2009-08-01,18.85056213411333
2009-09-01,7.843753817197638
2009-10-01,17.531636717125405
2009-11-01,66.61600867736958
2009-12-01,34.0817768632274
2010-01-01,107.11015641692438
2010-02-01,216.2464793054203
2010-03-01,225.85666521524956
2010-04-01,458.323882352247
2010-05-01,436.9245959984352
2010-06-01,196.580346253683
2010-07-01,82.22011924783318
2010-08-01,29.284354712186925
2010-09-01,7.524243364517363
2010-10-01,9.978357886238408
2010-11-01,47.644849376015145
2010-12-01,11.24894020822496
2011-01-01,18.232555194147466
2011-02-01,13.767792640890328
2011-03-01,82.8708984279367
2011-04-01,123.51029261231969
2011-05-01,62.4142503133665
2011-06-01,19.229793614767413
2011-07-01,12.224710105539561
2011-08-01,10.670659116804758
2011-09-01,6.986466849223857
2011-10-01,4.499297348221541
2011-11-01,25.42251995922622
2011-12-01,51.4204023250043
2012-01-01,11.45663441256132
2012-02-01,7.591457556599317
2012-03-01,39.876564601170486
2012-04-01,48.79172108784067
2012-05-01,10.047526440143018
2012-06-01,10.015526436905715
2012-07-01,9.620028353724312
2012-08-01,11.098590142986605
2012-09-01,8.889610049763927
2012-10-01,16.789399414810298
2012-11-01,13.560824629248078
2012-12-01,342.51442333270995
2013-01-01,141.79106096494402
2013-02-01,527.6023153580135
2013-03-01,303.11647064088925
2013-04-01,601.6238104451598
2013-05-01,570.1776601275503
2013-06-01,372.5830685832332
2013-07-01,100.98551283020343
2013-08-01,20.013439004593685
2013-09-01,8.156191523704457
2013-10-01,4.775741600194792
2013-11-01,36.48520195362863
2013-12-01,346.8049052417434
2014-01-01,1474.5386657929043
2014-02-01,394.604192423607
2014-03-01,461.83468829133284
2014-04-01,466.58294042232444
2014-05-01,1362.2272658795955
2014-06-01,742.8418567323465
2014-07-01,212.6823191488814
2014-08-01,59.81104496333031
2014-09-01,24.32808444479667
2014-10-01,6.3435639495395355
2014-11-01,48.29031879566639
2014-12-01,52.6055909601492
2015-01-01,183.19535328670588
2015-02-01,323.6886623396358
2015-03-01,561.5592796291596
2015-04-01,467.7740236287008
2015-05-01,405.1271686991427
2015-06-01,125.09804830095207
2015-07-01,38.53751132694776
2015-08-01,11.584148697295118
2015-09-01,7.974419030415551
2015-10-01,23.75665334960375
2015-11-01,16.698292541754665
2015-12-01,29.94395185315786
2016-01-01,12.82562396752827
2016-02-01,7.550625472316457
2016-03-01,112.21431450622015
2016-04-01,180.5718805807109
2016-05-01,216.40459077193324
2016-06-01,77.9364173643013
2016-07-01,26.128309341910864
2016-08-01,13.583252136557391
2016-09-01,8.210788006558166
2016-10-01,11.963425415059993
2016-11-01,28.875985607819253
2016-12-01,76.92926648740445
2017-01-01,67.8960107130754
2017-02-01,42.13743612627528
2017-03-01,321.72374237540174
2017-04-01,318.71089110697324
2017-05-01,586.0116161728823
2017-06-01,71.00947543475573
2017-07-01,30.77706291602944
2017-08-01,13.939578064826367
2017-09-01,18.723350375319505
2017-10-01,25.622836995076423
2017-11-01,210.95950607902154
2017-12-01,602.5439417468828
2018-01-01,705.0076537938032
2018-02-01,291.4092762645865
2018-03-01,408.22099428430596
2018-04-01,407.7241208628071
2018-05-01,980.1085083984516
2018-06-01,676.4856245057732
2018-07-01,248.15717046270495
2018-08-01,69.00202132225863
2018-09-01,12.201157481464168
2018-10-01,8.109771766570972
2018-11-01,72.42893435442433
2018-12-01,27.178775979323035
2019-01-01,233.94376650651355
2019-02-01,307.2909808573489
2019-03-01,603.1991768380454
2019-04-01,612.9672080950139
2019-05-01,637.874958384332
2019-06-01,1120.9664303597106
2019-07-01,96.87480222082843
2019-08-01,13.566306871498782
2019-09-01,7.245098260821996
2019-10-01,43.60563193214178
2019-11-01,40.752551580464505
2019-12-01,62.798990748995216
2020-01-01,21.564549820547352
2020-02-01,67.2612460812894
2020-03-01,351.8773021581327
2020-04-01,474.9781240509019
2020-05-01,426.0785251391513
2020-06-01,95.44337838834673
2020-07-01,49.549252407637155
2020-08-01,11.85299094980845
2020-09-01,7.154371900968214
2020-10-01,4.660478194603698
2020-11-01,82.03923046919088
2020-12-01,77.99902796913783
2021-01-01,33.80493121036165
2021-02-01,36.23987582451601
2021-03-01,82.98774678923814
2021-04-01,125.51691299605591
2021-05-01,283.1217551232292
2021-06-01,92.70014956413753
2021-07-01,19.574308761716146
2021-08-01,10.977593893831243
2021-09-01,12.705456994590321
2021-10-01,5.250412547013833
2021-11-01,37.69632300480647
2021-12-01,18.06843087102947
2022-01-01,19.016088670862114
2022-02-01,35.35455084688203
2022-03-01,101.08592661833907
2022-04-01,277.8162149926717
2022-05-01,369.9660212172587
2022-06-01,193.58289811957633
2022-07-01,44.84349312434955
2022-08-01,12.968583111346913
2022-09-01,14.152205605761258
2022-10-01,4.385232327312108
2022-11-01,6.922213370941265
2022-12-01,5.993346580782624
2023-01-01,32.61732671466099
2023-02-01,25.228063577645365
2023-03-01,80.83528969260131
2023-04-01,93.69811857077873
2023-05-01,276.85361321647287
2023-06-01,151.69863486547197
2023-07-01,39.64054271131946
2023-08-01,12.75993288100211
2023-09-01,8.28847565408464
2023-10-01,13.120387720694424
2023-11-01,47.183733610493576
2023-12-01,61.23379229425773
2024-01-01,23.461756487022573
2024-02-01,45.554001814733375
2024-03-01,67.99003850225004
2024-04-01,163.16851248640944
2024-05-01,74.9562870929181
2024-06-01,13.008274198020919
2024-07-01,10.348879974216828
2024-08-01,11.324760259155607
2024-09-01,7.032014830298707
2024-10-01,4.558965700996568
2024-11-01,11.847435680158664
2024-12-01,31.948898621294163
2025-01-01,19.752187045167343
2025-02-01,40.86152640192275
2025-03-01,118.49198123275754
2025-04-01,140.9440923591716
2025-05-01,247.72161861530012
2025-06-01,73.49699517288553
2025-07-01,15.712724973834632
2025-08-01,11.143389828343116
2025-09-01,7.094658581284683
2025-10-01,38.802756996157335
2025-11-01,139.87390788349194
2025-12-01,29.489519425272146
2026-01-01,48.275421966646306
2026-02-01,58.03742865048036
2026-03-01,167.32550698432647
2026-04-01,290.87443288021257
2026-05-01,100.10410330778882
2026-06-01,23.293504490439286
2026-07-01,16.214469598612094
2026-08-01,10.984326707330478
2026-09-01,8.52526982884747
2026-10-01,6.967311332015328
2026-11-01,23.987221526773446
2026-12-01,365.76016881266486
2027-01-01,468.45725610371085
2027-02-01,492.7117833574493
2027-03-01,466.3870481606534
2027-04-01,407.9560601048045
2027-05-01,844.4286278359965
2027-06-01,438.73497714770923
2027-07-01,130.63269774111566
2027-08-01,44.56856737377766
2027-09-01,16.42144685126891
2027-10-01,12.49549841700261
2027-11-01,85.29180052314712
2027-12-01,24.71105992245738
2028-01-01,54.81209703469871
2028-02-01,25.683583704873918
2028-03-01,157.04426261941367
2028-04-01,416.5631785276258
2028-05-01,562.3960420907108
2028-06-01,307.3408913452385
2028-07-01,42.3254154908376
2028-08-01,13.513565752879412
2028-09-01,7.983275625625717
2028-10-01,24.04148450430826
2028-11-01,327.9363366447305
2028-12-01,525.186824687174
2029-01-01,862.4750412776777
2029-02-01,600.2862929548512
2029-03-01,865.561853180295
2029-04-01,989.4485886279086
2029-05-01,597.9819487051877
2029-06-01,523.2741939534766
2029-07-01,287.14479376101605
2029-08-01,63.24596570019142
2029-09-01,11.688067315349562
2029-10-01,10.977056641237594
2029-11-01,75.54228840864104
2029-12-01,125.55867758671315
2030-01-01,250.00886698858167
2030-02-01,197.36853536796883
2030-03-01,499.96148294483595
2030-04-01,338.54232516421746
2030-05-01,514.9190772217421
2030-06-01,651.1977607651504
2030-07-01,79.1598562465059
2030-08-01,14.879199574018315
2030-09-01,12.352196467178018
2030-10-01,5.788941018723113
2030-11-01,66.80583010594736
2030-12-01,498.5999124477931
2031-01-01,1047.7876834615033
2031-02-01,480.9459461181447
2031-03-01,404.7017580249117
2031-04-01,364.0437752680513
2031-05-01,677.091346570894
2031-06-01,1373.5517747856325
2031-07-01,529.3178218088742
2031-08-01,59.38192996711246
2031-09-01,9.40227390021999
2031-10-01,7.411277604853826
2031-11-01,12.226654594190016
2031-12-01,27.1018153873544
2032-01-01,20.161906941926116
2032-02-01,268.4162421223204
2032-03-01,179.97760533614056
2032-04-01,235.17343377661103
2032-05-01,48.71320295061547
2032-06-01,9.039591375940715
2032-07-01,10.313152741715774
2032-08-01,11.456577308112308
2032-09-01,7.339380632360189
2032-10-01,6.323011817442743
2032-11-01,995.6138818897361
2032-12-01,1006.3321363240607
2033-01-01,279.43494961918805
2033-02-01,390.9289614636231
2033-03-01,248.89040675835435
2033-04-01,283.91446726376495
2033-05-01,654.2357361398838
2033-06-01,1178.0359461674045
2033-07-01,269.85484393474314
2033-08-01,33.3387386601112
2033-09-01,8.128877524874657
2033-10-01,12.709121930509385
2033-11-01,169.24377076246276
2033-12-01,93.6391455513885
2034-01-01,63.27797017435198
2034-02-01,23.540055643576274
2034-03-01,66.32004161654687
2034-04-01,186.31156566007294
2034-05-01,255.10003614235467
2034-06-01,49.243729759893256
2034-07-01,16.5160190366085
2034-08-01,11.906930661450456
2034-09-01,7.5985561445691
2034-10-01,4.597132450749451
2034-11-01,140.91550871959757
2034-12-01,17.770724957362976
2035-01-01,114.92152757222705
2035-02-01,245.69290423448018
2035-03-01,222.23945495506624
2035-04-01,202.80814883185514
2035-05-01,236.96993773419442
2035-06-01,169.2580396229625
2035-07-01,29.556305401686416
2035-08-01,12.913121130260922
2035-09-01,7.508630264249672
2035-10-01,10.995614745702031
2035-11-01,58.90711056711933
2035-12-01,29.18487784232896
2036-01-01,10.979727866123229
2036-02-01,11.780669641137983
2036-03-01,31.1224871731371
2036-04-01,52.69950890479277
2036-05-01,49.29786908842468
2036-06-01,10.5428183439722
2036-07-01,10.135417129555716
2036-08-01,10.589310320975892
2036-09-01,7.172272797965697
2036-10-01,4.832577658496311
2036-11-01,17.99442247621774
2036-12-01,49.85017641137983
2037-01-01,50.46420937715624
2037-02-01,128.47171779453575
2037-03-01,126.29134394456409
2037-04-01,98.60574627960575
2037-05-01,36.77233621706233
2037-06-01,9.18306249560506
2037-07-01,9.813795813225246
2037-08-01,10.678890150693965
2037-09-01,6.928342851157614
2037-10-01,4.268462560970364
2037-11-01,6.719774786488637
2037-12-01,23.126645172432703
2038-01-01,9.254898651610233
2038-02-01,152.14722578849685
2038-03-01,28.218838610112115
2038-04-01,120.04233785165384
2038-05-01,92.84198907432074
2038-06-01,21.958109478621452
2038-07-01,11.066914059152923
2038-08-01,10.866651418125466
2038-09-01,6.971254302727083
2038-10-01,4.273216652620863
2038-11-01,156.66098695803737
2038-12-01,978.2491244680314
2039-01-01,1073.7846379034863
2039-02-01,446.346296913406
2039-03-01,541.0810777987804
2039-04-01,451.1574078758696
2039-05-01,1337.730725664429
2039-06-01,2079.9003875822455
2039-07-01,1405.0495905435891
2039-08-01,211.36486800972082
2039-09-01,41.93906291539169
2039-10-01,7.660096678091541
2039-11-01,10.651331508732522
2039-12-01,96.74263714406155
2040-01-01,32.82106937032167
2040-02-01,21.224901461026008
2040-03-01,117.61688267964409
2040-04-01,194.7614127894389
2040-05-01,346.99028739752794
2040-06-01,488.9815361751154
2040-07-01,52.098740584807075
2040-08-01,15.178501623889481
2040-09-01,7.173808850589747
2040-10-01,5.188226842121612
2040-11-01,87.6195212564562
2040-12-01,535.2184910267987
2041-01-01,216.13025588913044
2041-02-01,382.8017274536736
2041-03-01,413.29862893802044
2041-04-01,401.6939903789024
2041-05-01,594.7669390564846
2041-06-01,435.05728390015383
2041-07-01,259.8689098241864
2041-08-01,42.76444308485016
2041-09-01,16.249282803476955
2041-10-01,5.165069224274296
2041-11-01,54.954983956826155
2041-12-01,8.627231515142622
2042-01-01,563.6197503879159
2042-02-01,718.2646416294949
2042-03-01,359.6651540650283
2042-04-01,512.1681778485581
2042-05-01,677.6291279296807
2042-06-01,365.4620603294437
2042-07-01,136.53785111263514
2042-08-01,27.518115287013764
2042-09-01,8.11443052805274
2042-10-01,6.625393913077053
2042-11-01,23.479694732527474
2042-12-01,116.05787743697897
2043-01-01,19.14262727742741
2043-02-01,369.6304600615108
2043-03-01,432.5327434577359
2043-04-01,363.9855770785636
2043-05-01,635.0769368988135
2043-06-01,262.51190796067823
2043-07-01,39.253589750556216
2043-08-01,11.91458505379161
2043-09-01,8.140421304083079
2043-10-01,6.560028951684595
2043-11-01,47.87259375772016
2043-12-01,54.191935472074505
2044-01-01,196.41788007298743
2044-02-01,184.4089234460018
2044-03-01,272.8096890100421
2044-04-01,214.00003832522395
2044-05-01,198.6454350000158
2044-06-01,47.94553108038781
2044-07-01,19.32623466749898
2044-08-01,11.399301583092473
2044-09-01,10.51048597694779
2044-10-01,19.49968978759575
2044-11-01,98.97729388344405
2044-12-01,31.783394850512973
2045-01-01,162.58572094954607
2045-02-01,302.6929454908265
2045-03-01,683.1578805888872
2045-04-01,426.10323067292177
2045-05-01,337.1066097135375
2045-06-01,122.69886982180113
2045-07-01,55.786760055242866
2045-08-01,20.525045552855204
2045-09-01,8.407073853079309
2045-10-01,5.073649459926856
2045-11-01,7.793809881738048
2045-12-01,48.72287725835475
2046-01-01,16.355560928705994
2046-02-01,45.40200855932329
2046-03-01,80.82525352715314
2046-04-01,255.04073609848
2046-05-01,108.99978917242616
2046-06-01,19.153238301877874
2046-07-01,11.331586985202616
2046-08-01,11.77017430979536
2046-09-01,7.025197841447492
2046-10-01,4.95542222264506
2046-11-01,33.57481054597194
2046-12-01,30.069300395622005
2047-01-01,15.70860101607453
2047-02-01,15.455875085952595
2047-03-01,30.859411787442514
2047-04-01,70.5714735791437
2047-05-01,17.112195552666904
2047-06-01,7.547396338697377
2047-07-01,9.60229274682096
2047-08-01,11.006309810894319
2047-09-01,7.444876377631559
2047-10-01,4.551474219859161
2047-11-01,25.774092596396958
2047-12-01,52.5237812123714
2048-01-01,12.387797503398101
2048-02-01,321.6486957562949
2048-03-01,199.86263309005008
2048-04-01,404.3546877842579
2048-05-01,239.82503871022362
2048-06-01,173.78469552846096
2048-07-01,86.2426012308551
2048-08-01,17.897163151309393
2048-09-01,13.749985364498054
2048-10-01,7.47931618529175
2048-11-01,159.30829205592875
2048-12-01,291.85404483542357
2049-01-01,990.1058612873072
2049-02-01,777.9797002202739
2049-03-01,492.6581710404918
2049-04-01,683.4302224110504
2049-05-01,1080.8087730677566
2049-06-01,1163.456169457402
2049-07-01,1220.6817631259833
2049-08-01,138.78141888634053
2049-09-01,19.26213951599415
2049-10-01,9.48106130610216
2049-11-01,17.681066037618223
2049-12-01,130.55572306122465
2050-01-01,158.04969766175373
2050-02-01,149.29259474124956
2050-03-01,305.6758633370991
2050-04-01,255.6151644737405
2050-05-01,437.1293195849588
2050-06-01,80.74337393999234
2050-07-01,28.913843534367455
2050-08-01,11.00633068760748
2050-09-01,8.809454998301488
2050-10-01,14.395708775035134
2050-11-01,101.66707833229391
2050-12-01,291.8591698055873
2051-01-01,132.23752496003348
2051-02-01,104.82620591863774
2051-03-01,212.6592876866596
2051-04-01,654.5104994259482
2051-05-01,408.72086558877356
2051-06-01,67.73771788104347
2051-07-01,20.923747583967895
2051-08-01,10.933705502063177
2051-09-01,7.18092865241426
2051-10-01,4.739591342142129
2051-11-01,64.32944700337552
2051-12-01,24.73403195134727
2052-01-01,15.456429448258856
2052-02-01,30.95307387308872
2052-03-01,264.5248527414996
2052-04-01,427.7694640644187
2052-05-01,286.89699281306684
2052-06-01,51.73638185016355
2052-07-01,15.983645017078766
2052-08-01,10.974335505977354
2052-09-01,7.913287196797651
2052-10-01,18.652416109488072
2052-11-01,39.138811579872964
2052-12-01,292.9381982840889
2053-01-01,325.8640077407278
2053-02-01,275.0483508163582
2053-03-01,615.6417475144391
2053-04-01,494.1098830590254
2053-05-01,485.84508504327323
2053-06-01,147.45684676765234
2053-07-01,44.15344878957067
2053-08-01,12.138066280643587
2053-09-01,83.85230896920973
2053-10-01,42.94632184309338
2053-11-01,46.92279207457202
2053-12-01,10.337964795523005
2054-01-01,9.957275236780113
2054-02-01,160.2539408147215
2054-03-01,310.80376054003847
2054-04-01,242.3044827481719
2054-05-01,50.203797833642724
2054-06-01,13.99671631200407
2054-07-01,14.317067699812632
2054-08-01,10.5642534266112
2054-09-01,8.605543301329336
2054-10-01,4.594186520933504
2054-11-01,47.95494556596706
2054-12-01,13.741478346921726
2055-01-01,32.97421807569818
2055-02-01,170.26775152749138
2055-03-01,422.7557870722397
2055-04-01,317.55279660822526
2055-05-01,633.7766014622854
2055-06-01,196.65425095011997
2055-07-01,29.309191054939554
2055-08-01,11.305732265015854
2055-09-01,7.102328111244278
2055-10-01,6.874029913819825
2055-11-01,34.95760643062974
2055-12-01,143.8866229758428
2056-01-01,99.28624278731884
2056-02-01,63.091728522813305
2056-03-01,184.65625779142846
2056-04-01,155.84677731570306
2056-05-01,169.17463894024957
2056-06-01,82.16199625267265
2056-07-01,21.796700187107586
2056-08-01,12.559818683905416
2056-09-01,9.127681833576023
2056-10-01,4.922083426837196
2056-11-01,13.862839309070353
2056-12-01,33.91411850506605
2057-01-01,17.501217289336367
2057-02-01,72.00988763144377
2057-03-01,238.6657590828084
2057-04-01,384.78879133073195
2057-05-01,579.3220446879956
2057-06-01,106.57248431853724
2057-07-01,20.097749695160587
2057-08-01,11.21671571399683
2057-09-01,7.368026475105512
2057-10-01,4.914040327360232
2057-11-01,25.691582256983214
2057-12-01,111.11066015808636
2058-01-01,164.8667762112814
2058-02-01,538.5576541460886
2058-03-01,335.83205687860595
2058-04-01,361.67226234043477
2058-05-01,528.5408584701834
2058-06-01,365.7922508375576
2058-07-01,86.7246055685293
2058-08-01,12.627144424344113
2058-09-01,8.734287234866823
2058-10-01,7.910142263458094
2058-11-01,117.94331996535831
2058-12-01,447.56634498901496
2059-01-01,873.3534705663133
2059-02-01,597.2399294628201
2059-03-01,367.9516677800943
2059-04-01,569.0162910141347
2059-05-01,1018.4180583645381
2059-06-01,352.0592982681208
2059-07-01,119.76653912625252
2059-08-01,27.355926965386608
2059-09-01,7.8365395712005
2059-10-01,8.44753810233937
2059-11-01,29.42416745553198
2059-12-01,192.38047866207796
2060-01-01,354.1939892841895
2060-02-01,630.2753646323441
2060-03-01,628.5384636764584
2060-04-01,428.4673602904731
2060-05-01,730.1461255225427
2060-06-01,1304.8848816763386
2060-07-01,386.67004881808003
2060-08-01,40.63849200921964
2060-09-01,14.449677027153628
2060-10-01,89.32597635209679
2060-11-01,16.656439138650473
2060-12-01,198.8914788665573
2061-01-01,323.8335588542901
2061-02-01,347.4532473567364
2061-03-01,216.0707764126348
2061-04-01,239.72548234689555
2061-05-01,563.7960838598132
2061-06-01,499.65478644902873
2061-07-01,66.94953525807101
2061-08-01,19.27641581848055
2061-09-01,7.622812618652587
2061-10-01,17.054611265963764
2061-11-01,39.468557034446064
2061-12-01,18.29879828548105
2062-01-01,38.99725759160036
2062-02-01,181.32743325586415
2062-03-01,351.2386715199281
2062-04-01,598.5620046414505
2062-05-01,268.67111807315746
2062-06-01,71.47574791403022
2062-07-01,22.159469221520922
2062-08-01,10.926194913566096
2062-09-01,9.887031359988628
2062-10-01,6.686045448956032
2062-11-01,278.6399331522608
2062-12-01,365.09715107882107
2063-01-01,552.8465499296135
2063-02-01,262.1257989981954
2063-03-01,208.4818161553599
2063-04-01,475.66666725579586
2063-05-01,813.2973405579886
2063-06-01,419.2536742976683
2063-07-01,124.22542549737918
2063-08-01,61.8341703178819
2063-09-01,9.715986352041838
2063-10-01,9.058688360258541
2063-11-01,54.408855636069106
2063-12-01,14.017922154946518
2064-01-01,29.153971114530744
2064-02-01,11.668088423087166
2064-03-01,53.03525936515407
2064-04-01,54.48416103555703
2064-05-01,49.98200456200492
2064-06-01,14.22083839163647
2064-07-01,11.61403771961923
2064-08-01,11.290178154394743
2064-09-01,7.55325657441037
2064-10-01,5.2152629424709005
2064-11-01,118.25017547752526
2064-12-01,48.28323174289566
2065-01-01,37.48379227051869
2065-02-01,44.40215831376206
2065-03-01,37.138876753110786
2065-04-01,55.72690794446574
2065-05-01,35.169283981078586
2065-06-01,9.317534104437723
2065-07-01,12.436953606487567
2065-08-01,11.534054647161822
2065-09-01,10.629811391823372
2065-10-01,4.275071828860515
2065-11-01,7.754927341129272
2065-12-01,5.433397950938689
2066-01-01,39.49159976711317
2066-02-01,101.20397744781665
2066-03-01,301.3239016665011
2066-04-01,316.27203060347927
2066-05-01,226.91927734748808
2066-06-01,48.472937309932156
2066-07-01,22.523773782256754
2066-08-01,11.772180571513212
2066-09-01,20.09865482795736
2066-10-01,145.58112777629984
2066-11-01,16.252316413717374
2066-12-01,71.27843502734201
2067-01-01,437.1507303973941
2067-02-01,641.3294119371453
2067-03-01,741.8545137193233
2067-04-01,1012.3515556773405
2067-05-01,941.9187281156214
2067-06-01,175.02897045143862
2067-07-01,55.78876363143253
2067-08-01,18.968129600574887
2067-09-01,9.715073955220925
2067-10-01,18.664923555247647
2067-11-01,80.43117445766458
2067-12-01,18.90689966680454
2068-01-01,53.33587427776994
2068-02-01,344.0117441379031
2068-03-01,519.3335923408771
2068-04-01,472.71037042069406
2068-05-01,707.7479273276972
2068-06-01,878.7731789336559
2068-07-01,157.47437521358165
2068-08-01,14.920725625122556
2068-09-01,9.927192673923688
2068-10-01,7.190630348352631
2068-11-01,7.8382003095411745
2068-12-01,44.293959520642744
2069-01-01,68.92728160226271
2069-02-01,33.05434544120453
2069-03-01,47.91039833658117
2069-04-01,112.33626728551754
2069-05-01,41.475464780865266
2069-06-01,15.819423110680203
2069-07-01,10.629306953000118
2069-08-01,10.582643846231843
2069-09-01,6.941275347780021
2069-10-01,5.204685485813187
2069-11-01,7.933346051632423
2069-12-01,81.16228122023722
2070-01-01,43.63720468320206
2070-02-01,457.0537023328665
2070-03-01,436.9336325553329
2070-04-01,405.95771257885684
2070-05-01,306.82604162034005
2070-06-01,100.79781267982648
2070-07-01,24.49578946788424
2070-08-01,11.383672284316027
2070-09-01,7.013074561768036
2070-10-01,5.96139531563324
2070-11-01,7.65597817175043
2070-12-01,571.0362869099422
2071-01-01,527.3729696135696
2071-02-01,373.67526985169764
2071-03-01,341.8380280379159
2071-04-01,479.1183259203523
2071-05-01,604.1741510023827
2071-06-01,517.4471308391935
2071-07-01,229.88742801588174
2071-08-01,20.592636113740813
2071-09-01,8.1392964999731
2071-10-01,8.15110104724821
2071-11-01,18.70314470808521
2071-12-01,44.124459151933884
2072-01-01,23.16653711262829
2072-02-01,21.0735412067549
2072-03-01,44.91471365503491
2072-04-01,85.14864428755271
2072-05-01,112.64016766480609
2072-06-01,46.492589189631175
2072-07-01,18.55925278720037
2072-08-01,11.443858338862333
2072-09-01,174.76253757201573
2072-10-01,8.53971398763425
2072-11-01,19.046846185007787
2072-12-01,34.7672527174171
2073-01-01,395.9251775026692
2073-02-01,531.3147955077872
2073-03-01,389.34715091976244
2073-04-01,424.37541835742263
2073-05-01,759.4033981173432
2073-06-01,419.47300269313695
2073-07-01,196.40642397380597
2073-08-01,31.241499585384467
2073-09-01,8.707347682439876
2073-10-01,28.690818377126956
2073-11-01,39.00671319172338
2073-12-01,107.10570265403992
2074-01-01,30.439464958369964
2074-02-01,94.33332839305213
2074-03-01,259.317269632821
2074-04-01,409.3448061948749
2074-05-01,439.20770521326443
2074-06-01,119.6438699849374
2074-07-01,20.600925616412024
2074-08-01,11.13909124188832
2074-09-01,7.904459887989107
2074-10-01,6.920631595097519
2074-11-01,21.02289038300822
2074-12-01,125.8837904366694
2075-01-01,59.680777898506086
2075-02-01,245.75607745601758
2075-03-01,356.91789030048045
2075-04-01,398.8466411024086
2075-05-01,911.6995586013337
2075-06-01,404.49276784413547
2075-07-01,47.12016545574774
2075-08-01,12.009502496895774
2075-09-01,7.865958098617449
2075-10-01,5.698271024912539
2075-11-01,22.08016879726229
2075-12-01,28.887623779121007
2076-01-01,65.27381901522403
2076-02-01,47.972987260276994
2076-03-01,302.37148332301126
2076-04-01,282.07972750575107
2076-05-01,257.23813630250623
2076-06-01,201.24253777030316
2076-07-01,85.52679760621544
2076-08-01,19.68204150809381
2076-09-01,10.894461851780697
2076-10-01,8.464611971116772
2076-11-01,66.11774522212126
2076-12-01,90.5294325068556
2077-01-01,516.746210374869
2077-02-01,550.5597169804084
2077-03-01,493.5752176972284
2077-04-01,667.9146082317395
2077-05-01,1156.0930862827151
2077-06-01,833.2556347848624
2077-07-01,288.58472268014435
2077-08-01,36.42285219389383
2077-09-01,7.780138102681996
2077-10-01,44.009521013966314
2077-11-01,187.72935415646506
2077-12-01,26.588783088858897
2078-01-01,28.23846988536077
2078-02-01,28.562251016096624
2078-03-01,115.42923363201362
2078-04-01,197.49398498973625
2078-05-01,42.413100179105356
2078-06-01,11.740092242948464
2078-07-01,11.566999902994658
2078-08-01,10.96829743920728
2078-09-01,6.963401633065258
2078-10-01,5.15030246034998
2078-11-01,55.690865981468406
2078-12-01,343.0296929077524
2079-01-01,243.98667152082598
2079-02-01,229.56193522100546
2079-03-01,263.222747542321
2079-04-01,541.2880921241025
2079-05-01,723.0609027500747
2079-06-01,685.8295345272676
2079-07-01,285.21738511779967
2079-08-01,36.39492819596265
2079-09-01,7.9345588903984225
2079-10-01,4.744207371729911
2079-11-01,50.84227672097401
2079-12-01,180.06163682155324
2080-01-01,609.9629651295346
2080-02-01,187.35758411363454
2080-03-01,308.07569152136284
2080-04-01,179.14101864190877
2080-05-01,432.85360116975716
2080-06-01,179.5661964846627
2080-07-01,33.98211326563111
2080-08-01,15.91793894181327
2080-09-01,7.0479685595909825
2080-10-01,4.303938485962529
2080-11-01,69.57729854070791
2080-12-01,48.708321382090915
2081-01-01,138.0642421856094
2081-02-01,395.90803689938866
2081-03-01,364.2808834547984
2081-04-01,339.37404480563544
2081-05-01,460.4872263035049
2081-06-01,643.8307067003024
2081-07-01,122.29258845356694
2081-08-01,18.610484691974516
2081-09-01,8.27697155199159
2081-10-01,31.043688175263394
2081-11-01,203.763108329111
2081-12-01,27.700789114298306
2082-01-01,251.3994181961161
2082-02-01,287.1415754759122
2082-03-01,330.1199094152088
2082-04-01,338.3043665168186
2082-05-01,466.9164672728565
2082-06-01,331.26933715381097
2082-07-01,71.27500905236455
2082-08-01,12.413922861394099
2082-09-01,13.067582271258408
2082-10-01,6.6485848556861615
2082-11-01,16.397948294915377
2082-12-01,37.67440800842273
2083-01-01,772.0767775276424
2083-02-01,419.18968033878275
2083-03-01,597.3088383975966
2083-04-01,296.6129889420601
2083-05-01,829.6664825711028
2083-06-01,571.2445470543462
2083-07-01,220.22384932917996
2083-08-01,21.546358181682827
2083-09-01,9.802803836381944
2083-10-01,33.96859236278714
2083-11-01,32.90199116925697
2083-12-01,24.399352257650524
2084-01-01,15.119959729973012
2084-02-01,19.778281161089303
2084-03-01,61.610370932379666
2084-04-01,95.26582842805826
2084-05-01,232.2161757769225
2084-06-01,96.74766566612601
2084-07-01,17.07670980695295
2084-08-01,11.513030473743495
2084-09-01,7.011920255257295
2084-10-01,10.717801611127271
2084-11-01,87.12583057728833
2084-12-01,151.0462755646685
2085-01-01,710.2525529603597
2085-02-01,518.3297204966397
2085-03-01,389.3811446921154
2085-04-01,484.3873612797378
2085-05-01,1173.8908044680045
2085-06-01,618.4158883153441
2085-07-01,129.500159079255
2085-08-01,25.384922980590858
2085-09-01,8.88313147766399
2085-10-01,7.027883412825017
2085-11-01,10.617210853751173
2085-12-01,10.547862605479573
2086-01-01,20.686163599002207
2086-02-01,14.502103928209177
2086-03-01,31.057282008371665
2086-04-01,10.23957007473006
2086-05-01,4.1634735814428865
2086-06-01,5.915047136883668
2086-07-01,9.641841205551104
2086-08-01,10.298187278661134
2086-09-01,72.93164686056977
2086-10-01,4.820233922315397
2086-11-01,25.04067270100124
2086-12-01,38.848288539567946
2087-01-01,269.2899094699532
2087-02-01,89.11222350049553
2087-03-01,155.3540164343146
2087-04-01,171.34282775027594
2087-05-01,73.05422860885861
2087-06-01,15.840860037353593
2087-07-01,10.767931609342387
2087-08-01,13.144141054533373
2087-09-01,9.511783421726875
2087-10-01,4.4646712554474455
2087-11-01,120.3733002814352
2087-12-01,178.23274671353434
2088-01-01,58.858582543870604
2088-02-01,116.6341433586778
2088-03-01,529.4004709689202
2088-04-01,389.9966506696447
2088-05-01,565.965663094813
2088-06-01,117.45205168284012
2088-07-01,34.42273698991848
2088-08-01,14.937796556585017
2088-09-01,8.589200580575449
2088-10-01,4.361419402634749
2088-11-01,21.678014193885357
2088-12-01,52.25528735527106
2089-01-01,65.74497652981266
2089-02-01,184.34067907883704
2089-03-01,604.7678560654716
2089-04-01,421.9396906479248
2089-05-01,449.2415325549919
2089-06-01,195.313300153822
2089-07-01,27.790837109925405
2089-08-01,11.808082838211527
2089-09-01,8.170936486841367
2089-10-01,10.617889083968858
2089-11-01,76.67955210627268
2089-12-01,221.9678098389581
2090-01-01,153.61358306829223
2090-02-01,281.49663514348515
2090-03-01,326.8091611126169
2090-04-01,286.6079785958774
2090-05-01,884.1506157186172
2090-06-01,318.7034659577856
2090-07-01,70.67083903605749
2090-08-01,12.936558150953573
2090-09-01,9.377058261577915
2090-10-01,4.481020289021742
2090-11-01,10.419615095726597
2090-12-01,97.81913063746333
2091-01-01,24.964479324177418
2091-02-01,23.312576992635478
2091-03-01,79.78033046230738
2091-04-01,160.5652865294325
2091-05-01,48.34764310218655
2091-06-01,22.794300713544104
2091-07-01,11.503390542372125
2091-08-01,18.762553291452463
2091-09-01,7.462448997169488
2091-10-01,58.24821208794328
2091-11-01,16.62808901320689
2091-12-01,36.321487429573324
2092-01-01,444.9162510801711
2092-02-01,524.2225491319687
2092-03-01,251.68045466343028
2092-04-01,395.67248892205885
2092-05-01,788.6990984217699
2092-06-01,1069.3855697253657
2092-07-01,373.1761766829645
2092-08-01,58.25430660037461
2092-09-01,9.906263850091003
2092-10-01,58.51057457315429
2092-11-01,34.21961565525334
2092-12-01,182.8862428944919
2093-01-01,78.61781417597915
2093-02-01,264.79043800810865
2093-03-01,294.4285316462543
2093-04-01,349.62714276500674
2093-05-01,509.2072554233192
2093-06-01,109.84672915238993
2093-07-01,41.304939999090806
2093-08-01,12.181563923419608
2093-09-01,9.374371179136388
2093-10-01,17.578346075287733
2093-11-01,70.75443269715444
2093-12-01,95.26365836410689
2094-01-01,176.7181744201695
2094-02-01,110.14980391055812
2094-03-01,316.72044907010576
2094-04-01,276.52623140385225
2094-05-01,255.44945407484158
2094-06-01,95.68812398338687
2094-07-01,18.570044215495635
2094-08-01,11.72453341979522
2094-09-01,7.315465914221228
2094-10-01,32.07187889362511
2094-11-01,85.9057302473388
2094-12-01,501.07693257433084
2095-01-01,475.853328060577
2095-02-01,518.731542445202
2095-03-01,371.8239137334142
2095-04-01,339.95598349728294
2095-05-01,593.9135883889425
2095-06-01,383.61410704408934
2095-07-01,108.72046823093778
2095-08-01,20.45093091555738
2095-09-01,18.48066080348454
2095-10-01,59.82275930947827
2095-11-01,115.79448173648521
2095-12-01,119.05950257987746
2096-01-01,641.7597731464339
2096-02-01,593.2989222025637
2096-03-01,699.54329479332
2096-04-01,403.2258167866224
2096-05-01,543.125577232723
2096-06-01,243.47426707372375
2096-07-01,83.71956602822262
2096-08-01,17.591076926204707
2096-09-01,7.698933386870187
2096-10-01,7.989459756068566
2096-11-01,35.17274457155489
2096-12-01,84.07385663456077
2097-01-01,25.366040143007634
2097-02-01,27.020198064997142
2097-03-01,53.57027057598365
2097-04-01,87.09973401549767
2097-05-01,126.55054020308478
2097-06-01,44.63652587213375
2097-07-01,17.92845345170462
2097-08-01,11.571780679005204
2097-09-01,9.640967545280915
2097-10-01,4.291531668976236
2097-11-01,9.940144311850462
2097-12-01,300.23380331778435
2098-01-01,680.8496208576207
2098-02-01,138.20693987354997
2098-03-01,540.8068937419881
2098-04-01,389.8162255153639
2098-05-01,1092.9875288013864
2098-06-01,705.7696187227524
2098-07-01,118.7711931519948
2098-08-01,17.8231288255374
2098-09-01,8.29665795228177
2098-10-01,13.414956210755912
2098-11-01,676.8075841429181
2098-12-01,260.2627574917359
2099-01-01,228.03668728469557
2099-02-01,221.70430868174452
2099-03-01,366.54787963861077
2099-04-01,521.8004279057436
2099-05-01,518.4532841225185
2099-06-01,61.2718508638094
2099-07-01,13.581247602552214
2099-08-01,11.288934909971289
2099-09-01,8.149361956993264
2099-10-01,448.1629010409732
2099-11-01,154.77657770647608
2099-12-01,305.5261594198002
